"reference.position","gene","residue.position","n.individuals","n.nonsynonymous","n.consensus","Oxford","Basingstoke","Wales","Scotland"
25336,"S",1258,683,682,0,0,1,682,0
25324,"S",1254,683,682,0,1,0,682,0
25337,"S",1259,655,655,0,0,0,655,0
25277,"S",1239,641,641,0,0,1,640,0
25334,"S",1258,627,627,0,0,0,627,0
25323,"S",1254,580,580,0,1,2,577,0
25247,"S",1229,470,470,0,0,0,470,0
25225,"S",1221,454,0,0,0,0,454,0
25327,"S",1255,434,434,0,0,0,434,0
25316,"S",1252,433,433,0,0,1,432,0
15168,"ORF1ab",4968,424,0,0,0,0,84,340
15157,"ORF1ab",4964,404,0,0,0,0,79,325
25216,"S",1218,373,0,0,1,0,372,0
25252,"S",1230,321,0,0,0,1,320,0
25331,"S",1257,295,295,0,2,1,292,0
25254,"S",1231,291,291,0,0,0,291,0
25273,"S",1237,233,233,0,0,0,233,0
25308,"S",1249,221,221,0,0,0,221,0
29039,"N",256,193,193,0,0,0,190,3
15139,"ORF1ab",4958,180,180,0,0,1,0,179
15150,"ORF1ab",4962,175,175,0,0,0,0,175
24156,"S",865,99,99,2,50,49,0,0
29187,"N",305,96,96,0,0,0,87,9
15141,"ORF1ab",4959,95,95,0,0,0,1,94
25314,"S",1251,94,94,0,0,0,94,0
29188,"N",305,92,0,0,0,0,83,9
22565,"S",335,81,81,1,15,66,0,0
26524,"M",1,79,79,0,28,51,0,0
23434,"S",624,58,0,0,18,40,0,0
8168,"ORF1ab",2635,39,39,1,26,13,0,0
635,"ORF1ab",124,39,39,0,2,3,29,5
11083,"ORF1ab",3606,37,37,6,2,3,21,11
28253,"ORF8",120,36,0,1,0,0,30,6
12842,"ORF1ab",4193,36,36,0,20,16,0,0
25674,"ORF3a",94,35,0,1,0,0,0,35
15167,"ORF1ab",4968,34,34,0,0,0,0,34
25244,"S",1228,30,30,0,0,0,30,0
25240,"S",1226,29,0,0,0,0,29,0
3466,"ORF1ab",1067,29,4,0,10,19,0,0
22618,"S",352,28,0,0,16,12,0,0
5270,"ORF1ab",1669,28,28,0,16,12,0,0
15118,"ORF1ab",4951,27,0,0,1,0,0,26
25269,"S",1236,26,26,0,0,0,26,0
15133,"ORF1ab",4956,25,0,0,0,0,0,25
10845,"ORF1ab",3527,25,25,0,2,23,0,0
5018,"ORF1ab",1585,24,24,0,0,0,0,24
15122,"ORF1ab",4953,23,0,0,0,0,0,23
23403,"S",614,22,22,6,0,1,11,10
12309,"ORF1ab",4015,21,21,0,6,15,0,0
683,"ORF1ab",140,21,0,0,0,0,19,2
241,"5'UTR",81,20,0,6,0,2,11,7
14408,"ORF1ab",4715,19,0,5,0,2,10,7
26523,"M",1,18,18,0,6,12,0,0
26522,"none","NA",18,0,0,3,15,0,0
3037,"ORF1ab",924,18,0,5,0,1,10,7
1971,"ORF1ab",569,18,18,0,7,11,0,0
22592,"S",344,17,17,0,1,16,0,0
28928,"N",219,16,16,0,0,1,10,5
27856,"ORF7",155,16,16,0,4,12,0,0
22616,"S",352,16,16,0,8,8,0,0
14805,"ORF1ab",4847,16,16,5,0,2,10,4
4630,"ORF1ab",1455,16,1,1,6,10,0,0
25228,"S",1222,15,0,0,0,0,15,0
19071,"ORF1ab",6269,15,15,0,8,7,0,0
1675,"ORF1ab",470,15,6,0,6,8,1,0
28881,"N",203,14,14,6,0,0,12,2
27627,"ORF7",78,14,0,0,6,8,0,0
27351,"ORF6",50,14,0,0,5,9,0,0
26144,"ORF3a",251,14,14,5,0,0,10,4
25043,"S",1161,14,14,0,9,5,0,0
20542,"ORF1ab",6759,14,0,0,9,5,0,0
15931,"ORF1ab",5222,14,0,0,7,7,0,0
15181,"ORF1ab",4972,14,0,0,7,7,0,0
15156,"ORF1ab",4964,14,14,0,0,1,1,12
11075,"ORF1ab",3604,14,14,0,0,10,0,4
4281,"ORF1ab",1339,14,14,0,5,9,0,0
25521,"ORF3a",43,13,0,0,0,0,11,2
25234,"S",1224,13,13,0,0,0,13,0
1391,"ORF1ab",376,13,13,0,5,8,0,0
28883,"N",204,12,12,6,0,0,9,3
28882,"N",203,12,1,6,0,0,10,2
6538,"ORF1ab",2091,12,0,0,4,8,0,0
3468,"ORF1ab",1068,12,12,0,3,9,0,0
23979,"S",806,11,11,1,2,9,0,0
19072,"ORF1ab",6269,11,0,0,2,9,0,0
14257,"ORF1ab",4664,11,2,0,6,5,0,0
12308,"ORF1ab",4015,11,11,0,6,5,0,0
9232,"ORF1ab",2989,11,2,0,3,8,0,0
8167,"ORF1ab",2634,11,5,1,7,4,0,0
6353,"ORF1ab",2030,11,11,0,5,6,0,0
2480,"ORF1ab",739,11,11,3,0,0,10,1
29422,"N",383,10,0,0,4,6,0,0
28465,"N",64,10,0,0,0,0,0,10
28450,"N",59,10,4,0,4,6,0,0
25942,"ORF3a",184,10,10,1,4,6,0,0
19169,"ORF1ab",6302,10,10,0,3,7,0,0
18571,"ORF1ab",6102,10,0,0,1,9,0,0
17803,"ORF1ab",5846,10,0,0,4,6,0,0
14769,"ORF1ab",4835,10,10,0,3,7,0,0
14259,"ORF1ab",4665,10,10,0,5,5,0,0
12843,"ORF1ab",4193,10,10,0,4,6,0,0
9457,"ORF1ab",3064,10,3,1,4,6,0,0
6430,"ORF1ab",2055,10,0,0,6,4,0,0
3467,"ORF1ab",1068,10,10,0,2,8,0,0
3239,"ORF1ab",992,10,10,0,4,4,2,0
29551,"none","NA",9,0,0,3,6,0,0
29034,"N",254,9,9,0,0,0,8,1
25274,"S",1238,9,9,0,0,0,9,0
24605,"S",1015,9,9,1,2,7,0,0
23605,"S",681,9,0,0,1,8,0,0
22347,"S",262,9,9,0,0,0,0,9
19582,"ORF1ab",6439,9,9,0,0,0,9,0
16735,"ORF1ab",5490,9,2,0,4,5,0,0
12578,"ORF1ab",4105,9,9,0,0,1,8,0
11049,"ORF1ab",3595,9,9,1,4,5,0,0
9919,"ORF1ab",3218,9,1,0,4,5,0,0
2558,"ORF1ab",765,9,9,2,0,0,9,0
29035,"N",254,8,0,0,0,0,8,0
28444,"N",57,8,0,0,5,3,0,0
27626,"ORF7",78,8,8,0,3,5,0,0
27509,"ORF7",39,8,8,0,2,0,6,0
25161,"S",1200,8,8,1,7,1,0,0
22615,"S",351,8,2,0,3,5,0,0
21575,"S",5,8,8,4,2,0,6,0
20114,"ORF1ab",6617,8,8,0,4,4,0,0
18583,"ORF1ab",6106,8,0,2,0,0,8,0
18574,"ORF1ab",6103,8,0,0,4,4,0,0
17043,"ORF1ab",5593,8,8,0,4,4,0,0
16820,"ORF1ab",5519,8,8,1,3,5,0,0
16430,"ORF1ab",5389,8,8,0,4,4,0,0
15144,"ORF1ab",4960,8,8,0,0,1,0,7
14266,"ORF1ab",4667,8,0,0,4,4,0,0
13116,"ORF1ab",4284,8,8,0,2,6,0,0
11380,"ORF1ab",3705,8,0,0,5,3,0,0
10573,"ORF1ab",3436,8,0,1,4,4,0,0
9230,"ORF1ab",2989,8,8,0,3,5,0,0
7977,"ORF1ab",2571,8,8,0,3,5,0,0
4632,"ORF1ab",1456,8,8,0,2,5,0,1
4011,"ORF1ab",1249,8,8,0,2,6,0,0
3392,"ORF1ab",1043,8,8,0,5,3,0,0
3240,"ORF1ab",992,8,8,0,5,3,0,0
3096,"ORF1ab",944,8,8,0,1,2,5,0
1735,"ORF1ab",490,8,0,0,4,4,0,0
1338,"ORF1ab",358,8,8,0,0,0,0,8
29421,"N",383,7,7,0,2,5,0,0
29418,"N",382,7,7,1,3,3,1,0
28851,"N",193,7,7,4,0,0,7,0
28580,"N",103,7,7,4,0,3,4,0
28469,"N",66,7,7,0,7,0,0,0
26749,"M",76,7,7,0,4,3,0,0
25949,"ORF3a",186,7,7,0,5,1,0,1
25312,"S",1250,7,7,0,0,0,7,0
25010,"S",1150,7,7,1,0,7,0,0
24933,"S",1124,7,7,1,1,2,3,1
24664,"S",1034,7,0,1,1,6,0,0
22452,"S",297,7,7,0,0,1,4,2
20117,"ORF1ab",6618,7,7,0,0,0,0,7
18266,"ORF1ab",6001,7,7,0,2,5,0,0
15180,"ORF1ab",4972,7,7,0,2,5,0,0
13811,"ORF1ab",4516,7,7,0,1,6,0,0
12856,"ORF1ab",4197,7,0,0,5,2,0,0
12844,"ORF1ab",4193,7,7,0,2,5,0,0
12795,"ORF1ab",4177,7,7,0,1,6,0,0
12419,"ORF1ab",4052,7,7,0,3,4,0,0
12418,"ORF1ab",4051,7,2,1,2,5,0,0
11893,"ORF1ab",3876,7,6,0,0,1,6,0
11528,"ORF1ab",3755,7,7,0,4,3,0,0
10817,"ORF1ab",3518,7,7,2,3,3,1,0
9268,"ORF1ab",3001,7,3,0,1,6,0,0
8176,"ORF1ab",2637,7,0,0,3,4,0,0
8006,"ORF1ab",2581,7,7,1,1,6,0,0
7922,"ORF1ab",2553,7,7,0,5,2,0,0
6429,"ORF1ab",2055,7,7,0,3,4,0,0
6364,"ORF1ab",2033,7,0,0,1,4,2,0
4054,"ORF1ab",1263,7,0,0,4,3,0,0
2432,"ORF1ab",723,7,7,0,3,4,0,0
1676,"ORF1ab",471,7,7,0,2,5,0,0
1440,"ORF1ab",392,7,7,4,0,0,7,0
29552,"none","NA",6,0,0,2,4,0,0
28508,"N",79,6,6,0,1,5,0,0
24213,"S",884,6,6,0,2,0,1,3
24015,"S",818,6,6,1,3,3,0,0
23997,"S",812,6,6,0,2,1,1,2
22836,"S",425,6,6,0,3,3,0,0
22619,"S",353,6,6,0,5,1,0,0
20205,"ORF1ab",6647,6,6,0,3,2,1,0
18462,"ORF1ab",6066,6,6,0,4,2,0,0
16690,"ORF1ab",5475,6,2,1,3,3,0,0
15178,"ORF1ab",4971,6,0,0,2,4,0,0
15088,"ORF1ab",4941,6,0,0,2,4,0,0
15087,"ORF1ab",4941,6,6,0,2,4,0,0
14258,"ORF1ab",4665,6,6,0,1,3,2,0
13129,"ORF1ab",4288,6,0,0,1,5,0,0
12375,"ORF1ab",4037,6,6,0,5,1,0,0
12310,"ORF1ab",4015,6,2,1,2,4,0,0
12100,"ORF1ab",3945,6,0,0,1,5,0,0
11374,"ORF1ab",3703,6,2,0,3,3,0,0
10698,"ORF1ab",3478,6,6,0,3,3,0,0
10190,"ORF1ab",3309,6,6,0,1,5,0,0
8569,"ORF1ab",2768,6,4,0,2,4,0,0
7579,"ORF1ab",2438,6,0,0,3,3,0,0
7386,"ORF1ab",2374,6,6,0,2,4,0,0
7065,"ORF1ab",2267,6,6,0,0,0,6,0
4080,"ORF1ab",1272,6,6,0,0,0,6,0
2943,"ORF1ab",893,6,6,0,2,4,0,0
1059,"ORF1ab",265,6,6,2,0,1,4,1
75,"5'UTR",25,6,0,0,3,3,0,0
29462,"N",397,5,5,0,0,5,0,0
28937,"N",222,5,4,0,0,1,0,4
28871,"N",200,5,5,0,0,5,0,0
28854,"N",194,5,5,2,0,0,2,3
28543,"N",90,5,0,0,1,4,0,0
26681,"M",53,5,0,0,1,1,3,0
25415,"ORF3a",8,5,5,0,2,3,0,0
25009,"S",1149,5,1,0,0,5,0,0
24663,"S",1034,5,5,0,2,3,0,0
24475,"S",971,5,0,0,1,0,0,4
24000,"S",813,5,5,0,0,5,0,0
23994,"S",811,5,5,0,4,1,0,0
22000,"S",146,5,1,0,0,0,4,1
21137,"ORF1ab",6958,5,5,0,0,0,5,0
20974,"ORF1ab",6903,5,0,0,1,4,0,0
20823,"ORF1ab",6853,5,5,2,0,1,0,4
19381,"ORF1ab",6372,5,0,0,3,2,0,0
18106,"ORF1ab",5947,5,5,0,2,1,2,0
17751,"ORF1ab",5829,5,5,0,2,3,0,0
17325,"ORF1ab",5687,5,5,0,1,4,0,0
17247,"ORF1ab",5661,5,5,2,0,1,0,4
17075,"ORF1ab",5604,5,5,0,2,3,0,0
16429,"ORF1ab",5388,5,0,0,2,3,0,0
15957,"ORF1ab",5231,5,5,0,2,2,0,1
15484,"ORF1ab",5073,5,0,0,0,5,0,0
15474,"ORF1ab",5070,5,5,0,5,0,0,0
15465,"ORF1ab",5067,5,5,0,0,5,0,0
15357,"ORF1ab",5031,5,5,0,3,2,0,0
15124,"ORF1ab",4953,5,0,0,0,0,0,5
15007,"ORF1ab",4914,5,0,0,1,4,0,0
13618,"ORF1ab",4451,5,0,0,1,4,0,0
13612,"ORF1ab",4449,5,1,0,2,3,0,0
12794,"ORF1ab",4177,5,5,0,1,4,0,0
12791,"ORF1ab",4176,5,5,0,0,5,0,0
12196,"ORF1ab",3977,5,0,0,3,2,0,0
11991,"ORF1ab",3909,5,5,0,3,1,1,0
11087,"ORF1ab",3608,5,5,1,0,2,2,1
10037,"ORF1ab",3258,5,5,0,0,0,0,5
9438,"ORF1ab",3058,5,5,2,0,0,4,1
9430,"ORF1ab",3055,5,0,2,0,1,2,2
7976,"ORF1ab",2571,5,1,0,3,2,0,0
7520,"ORF1ab",2419,5,5,0,2,3,0,0
7070,"ORF1ab",2269,5,5,0,0,0,5,0
6420,"ORF1ab",2052,5,5,0,4,1,0,0
6385,"ORF1ab",2040,5,0,2,0,1,0,4
6360,"ORF1ab",2032,5,5,0,0,5,0,0
3940,"ORF1ab",1225,5,2,0,3,1,1,0
3259,"ORF1ab",998,5,5,0,1,0,4,0
2709,"ORF1ab",815,5,5,0,2,3,0,0
2402,"ORF1ab",713,5,5,0,1,4,0,0
1191,"ORF1ab",309,5,5,0,0,2,2,1
790,"ORF1ab",175,5,0,0,3,2,0,0
29550,"none","NA",4,0,0,2,2,0,0
29547,"none","NA",4,0,0,4,0,0,0
29543,"none","NA",4,0,0,0,1,3,0
29536,"none","NA",4,0,0,2,2,0,0
29461,"N",396,4,0,0,3,1,0,0
29320,"N",349,4,0,0,0,4,0,0
29253,"N",327,4,4,0,0,0,3,1
29200,"N",309,4,0,1,1,0,3,0
29015,"N",248,4,4,0,0,0,4,0
28935,"N",221,4,4,0,0,0,0,4
28878,"N",202,4,4,0,3,1,0,0
28877,"N",202,4,4,1,2,2,0,0
28872,"N",200,4,4,0,2,2,0,0
28703,"N",144,4,4,1,0,2,2,0
28588,"N",105,4,2,0,2,2,0,0
28575,"N",101,4,4,0,2,2,0,0
28532,"N",87,4,4,0,3,1,0,0
28510,"N",79,4,0,0,1,3,0,0
28280,"N",3,4,4,0,1,3,0,0
27389,"none","NA",4,0,0,0,2,1,1
27328,"ORF6",43,4,4,0,1,3,0,0
26935,"M",138,4,4,0,0,4,0,0
26300,"E",19,4,4,0,3,1,0,0
25947,"ORF3a",185,4,4,0,0,0,4,0
25714,"ORF3a",108,4,4,0,0,1,2,1
25587,"ORF3a",65,4,0,0,0,1,3,0
25563,"ORF3a",57,4,4,1,0,0,2,2
25455,"ORF3a",21,4,4,1,0,1,3,0
25427,"ORF3a",12,4,4,0,1,1,1,1
25351,"S",1263,4,0,0,1,3,0,0
25001,"S",1147,4,4,0,1,3,0,0
24607,"S",1015,4,0,0,1,3,0,0
24382,"S",940,4,0,1,0,1,3,0
24378,"S",939,4,4,0,0,0,3,1
24371,"S",937,4,4,0,0,4,0,0
24198,"S",879,4,4,0,1,0,2,1
24197,"S",879,4,4,0,1,0,3,0
23986,"S",808,4,2,0,4,0,0,0
23877,"S",772,4,4,1,0,0,3,1
23856,"S",765,4,4,0,0,2,2,0
23758,"S",732,4,0,0,0,0,2,2
23593,"S",677,4,3,0,0,2,2,0
23540,"S",660,4,4,0,2,1,1,0
22917,"S",452,4,4,0,1,3,0,0
22690,"S",376,4,0,0,2,0,1,1
22062,"S",167,4,4,0,0,2,0,2
21908,"S",116,4,4,0,3,1,0,0
21778,"S",72,4,0,0,0,3,1,0
21650,"S",30,4,4,0,0,0,4,0
20975,"ORF1ab",6904,4,4,1,0,4,0,0
20973,"ORF1ab",6903,4,4,0,2,2,0,0
20432,"ORF1ab",6723,4,4,0,0,4,0,0
19677,"ORF1ab",6471,4,4,1,1,1,2,0
19151,"ORF1ab",6296,4,4,0,0,2,0,2
19006,"ORF1ab",6247,4,4,1,1,1,2,0
18573,"ORF1ab",6103,4,4,0,3,1,0,0
17706,"ORF1ab",5814,4,4,0,0,4,0,0
17324,"ORF1ab",5687,4,4,0,2,2,0,0
17278,"ORF1ab",5671,4,3,0,1,2,1,0
17172,"ORF1ab",5636,4,4,2,0,0,0,4
16692,"ORF1ab",5476,4,4,0,1,3,0,0
16466,"ORF1ab",5401,4,4,0,0,0,2,2
16425,"ORF1ab",5387,4,4,0,1,3,0,0
15958,"ORF1ab",5231,4,0,0,1,3,0,0
15857,"ORF1ab",5198,4,0,0,0,1,3,0
15297,"ORF1ab",5011,4,4,0,1,3,0,0
15195,"ORF1ab",4977,4,4,0,1,3,0,0
14349,"ORF1ab",4695,4,4,1,2,2,0,0
14313,"ORF1ab",4683,4,4,1,2,1,0,1
14311,"ORF1ab",4682,4,0,0,3,1,0,0
14269,"ORF1ab",4668,4,0,0,1,2,0,1
14267,"ORF1ab",4668,4,3,0,0,4,0,0
14265,"ORF1ab",4667,4,4,0,1,3,0,0
14064,"ORF1ab",4600,4,4,0,0,4,0,0
13762,"ORF1ab",4499,4,0,0,1,2,0,1
13264,"ORF1ab",4333,4,0,0,0,2,0,2
13123,"ORF1ab",4286,4,1,0,1,3,0,0
13118,"ORF1ab",4285,4,4,0,2,2,0,0
12855,"ORF1ab",4197,4,4,0,0,4,0,0
12792,"ORF1ab",4176,4,4,0,1,3,0,0
12680,"ORF1ab",4139,4,2,0,1,3,0,0
12331,"ORF1ab",4022,4,0,0,0,1,0,3
11850,"ORF1ab",3862,4,4,0,4,0,0,0
11261,"ORF1ab",3666,4,4,0,1,3,0,0
11152,"ORF1ab",3629,4,0,0,1,0,2,1
11042,"ORF1ab",3593,4,4,0,0,0,4,0
10697,"ORF1ab",3478,4,4,0,2,2,0,0
10168,"ORF1ab",3301,4,1,0,1,3,0,0
9969,"ORF1ab",3235,4,4,0,1,2,0,1
9267,"ORF1ab",3001,4,4,0,2,2,0,0
9231,"ORF1ab",2989,4,4,0,2,2,0,0
8573,"ORF1ab",2770,4,1,1,0,4,0,0
7925,"ORF1ab",2554,4,4,0,1,3,0,0
7923,"ORF1ab",2553,4,4,0,2,2,0,0
7645,"ORF1ab",2460,4,0,0,2,2,0,0
7451,"ORF1ab",2396,4,4,0,2,2,0,0
7384,"ORF1ab",2373,4,1,0,0,2,2,0
7071,"ORF1ab",2269,4,4,0,0,0,4,0
6696,"ORF1ab",2144,4,4,0,0,1,3,0
6540,"ORF1ab",2092,4,4,0,1,3,0,0
6525,"ORF1ab",2087,4,4,0,1,1,2,0
6506,"ORF1ab",2081,4,4,0,1,0,3,0
6345,"ORF1ab",2027,4,4,0,2,2,0,0
6118,"ORF1ab",1951,4,0,0,3,1,0,0
6027,"ORF1ab",1921,4,4,3,0,0,4,0
5965,"ORF1ab",1900,4,1,0,0,4,0,0
5805,"ORF1ab",1847,4,4,1,1,3,0,0
5347,"ORF1ab",1694,4,0,0,1,3,0,0
5271,"ORF1ab",1669,4,4,0,1,3,0,0
5168,"ORF1ab",1635,4,4,0,4,0,0,0
3621,"ORF1ab",1119,4,4,0,2,2,0,0
3395,"ORF1ab",1044,4,4,0,2,2,0,0
3390,"ORF1ab",1042,4,4,0,2,2,0,0
2273,"ORF1ab",670,4,4,0,3,1,0,0
1737,"ORF1ab",491,4,4,0,2,2,0,0
1722,"ORF1ab",486,4,4,0,1,0,2,1
1581,"ORF1ab",439,4,4,0,2,2,0,0
1390,"ORF1ab",375,4,2,0,1,3,0,0
787,"ORF1ab",174,4,4,0,1,3,0,0
553,"ORF1ab",96,4,3,0,0,4,0,0
29614,"ORF10",19,3,0,1,1,1,1,0
29546,"none","NA",3,0,0,2,1,0,0
29425,"N",384,3,1,1,1,1,1,0
29424,"N",384,3,3,0,1,2,0,0
29420,"N",383,3,3,0,0,1,2,0
29395,"N",374,3,3,1,0,0,3,0
29195,"N",308,3,3,0,0,1,2,0
29179,"N",302,3,0,0,0,1,1,1
29081,"N",270,3,3,0,0,1,2,0
29025,"N",251,3,3,0,1,0,1,1
29017,"N",248,3,1,0,0,0,3,0
28957,"N",228,3,0,1,0,1,1,1
28836,"N",188,3,3,3,0,0,0,3
28806,"N",178,3,3,0,0,1,1,1
28793,"N",174,3,3,0,0,0,3,0
28719,"N",149,3,3,0,0,2,0,1
28509,"N",79,3,3,0,2,1,0,0
28507,"N",78,3,0,0,1,2,0,0
28446,"N",58,3,3,0,1,2,0,0
28445,"N",58,3,3,0,1,2,0,0
28358,"N",29,3,3,0,2,1,0,0
28351,"N",26,3,1,0,1,2,0,0
28345,"N",24,3,0,0,2,1,0,0
28214,"ORF8",107,3,1,0,1,1,0,1
28048,"ORF8",52,3,3,0,0,2,1,0
27780,"ORF7",129,3,0,0,1,1,1,0
27494,"ORF7",34,3,3,0,1,1,1,0
27482,"ORF7",30,3,3,0,0,2,0,1
27401,"ORF7",3,3,3,1,1,1,0,1
27373,"ORF6",58,3,3,0,2,1,0,0
27281,"ORF6",27,3,3,0,1,0,2,0
26936,"M",138,3,0,0,2,1,0,0
26728,"M",69,3,3,0,0,1,2,0
26475,"none","NA",3,0,0,1,2,0,0
26205,"ORF3a",271,3,0,0,1,2,0,0
26176,"ORF3a",262,3,3,0,0,3,0,0
26149,"ORF3a",253,3,3,0,0,3,0,0
25923,"ORF3a",177,3,0,0,1,2,0,0
25836,"ORF3a",148,3,0,0,0,1,1,1
25590,"ORF3a",66,3,2,0,1,1,1,0
25586,"ORF3a",65,3,3,0,0,3,0,0
25469,"ORF3a",26,3,3,0,0,2,1,0
25414,"ORF3a",8,3,3,0,0,3,0,0
25332,"S",1257,3,3,0,2,1,0,0
25330,"S",1256,3,3,0,1,2,0,0
25171,"S",1203,3,0,0,0,3,0,0
25159,"S",1199,3,0,0,1,2,0,0
25049,"S",1163,3,3,1,0,0,0,3
25047,"S",1162,3,3,0,1,0,1,1
25042,"S",1160,3,0,0,1,2,0,0
24959,"S",1133,3,3,0,1,1,0,1
24928,"S",1122,3,0,0,0,2,0,1
24781,"S",1073,3,3,1,0,3,0,0
24755,"S",1065,3,3,0,2,0,1,0
24715,"S",1051,3,0,0,3,0,0,0
24635,"S",1025,3,3,0,1,2,0,0
24604,"S",1014,3,0,0,1,2,0,0
24368,"S",936,3,3,1,0,1,2,0
24098,"S",846,3,3,0,1,2,0,0
24028,"S",822,3,0,1,3,0,0,0
23978,"S",806,3,2,0,2,1,0,0
23816,"S",752,3,3,0,1,0,2,0
23731,"S",723,3,0,2,0,0,3,0
23730,"S",723,3,3,1,1,1,0,1
23661,"S",700,3,3,0,1,2,0,0
23659,"S",699,3,0,0,1,2,0,0
23623,"S",687,3,0,0,0,1,1,1
23547,"S",662,3,3,0,0,1,0,2
23296,"S",578,3,1,0,1,2,0,0
22985,"S",475,3,3,0,1,2,0,0
22783,"S",407,3,0,0,3,0,0,0
22717,"S",385,3,0,0,1,2,0,0
22691,"S",377,3,3,0,1,2,0,0
22621,"S",353,3,3,0,1,1,1,0
22323,"S",254,3,3,0,0,0,3,0
22048,"S",162,3,2,0,0,1,0,2
22013,"S",151,3,3,0,0,3,0,0
21855,"S",98,3,3,0,0,1,2,0
21409,"ORF1ab",7048,3,0,0,0,0,1,2
21400,"ORF1ab",7045,3,3,0,0,3,0,0
20925,"ORF1ab",6887,3,3,0,0,1,2,0
20679,"ORF1ab",6805,3,3,0,0,2,0,1
20613,"ORF1ab",6783,3,3,0,1,2,0,0
20383,"ORF1ab",6706,3,1,0,1,2,0,0
20364,"ORF1ab",6700,3,3,0,1,2,0,0
20213,"ORF1ab",6650,3,3,0,1,0,0,2
20178,"ORF1ab",6638,3,3,0,0,3,0,0
20104,"ORF1ab",6613,3,0,0,0,0,0,3
19983,"ORF1ab",6573,3,3,0,0,2,1,0
19962,"ORF1ab",6566,3,3,2,0,0,3,0
19817,"ORF1ab",6518,3,3,0,3,0,0,0
19671,"ORF1ab",6469,3,3,1,0,3,0,0
19605,"ORF1ab",6447,3,3,0,1,2,0,0
19393,"ORF1ab",6376,3,1,0,2,1,0,0
19269,"ORF1ab",6335,3,3,2,1,1,0,1
19170,"ORF1ab",6302,3,3,0,0,1,2,0
19168,"ORF1ab",6301,3,1,0,3,0,0,0
18948,"ORF1ab",6228,3,2,0,1,2,0,0
18890,"ORF1ab",6209,3,3,0,1,2,0,0
18860,"ORF1ab",6199,3,3,0,0,2,1,0
18688,"ORF1ab",6141,3,0,0,0,3,0,0
18633,"ORF1ab",6123,3,3,0,2,0,1,0
18585,"ORF1ab",6107,3,3,0,0,0,3,0
18575,"ORF1ab",6104,3,3,0,1,2,0,0
18449,"ORF1ab",6062,3,3,0,0,1,2,0
18439,"ORF1ab",6058,3,0,0,0,3,0,0
18290,"ORF1ab",6009,3,3,0,1,0,2,0
18260,"ORF1ab",5999,3,3,0,1,2,0,0
18175,"ORF1ab",5970,3,0,0,2,1,0,0
18086,"ORF1ab",5941,3,0,0,0,1,1,1
18012,"ORF1ab",5916,3,3,0,0,2,0,1
17427,"ORF1ab",5721,3,3,0,0,0,3,0
17373,"ORF1ab",5703,3,3,0,0,2,0,1
17323,"ORF1ab",5686,3,1,0,3,0,0,0
17107,"ORF1ab",5614,3,0,0,1,2,0,0
16887,"ORF1ab",5541,3,3,1,1,0,2,0
16660,"ORF1ab",5465,3,0,0,1,2,0,0
16659,"ORF1ab",5465,3,3,0,1,2,0,0
16577,"ORF1ab",5438,3,3,0,1,2,0,0
16525,"ORF1ab",5420,3,2,0,1,2,0,0
16457,"ORF1ab",5398,3,3,1,0,0,2,1
16428,"ORF1ab",5388,3,3,0,0,3,0,0
16395,"ORF1ab",5377,3,3,0,1,1,0,1
16394,"ORF1ab",5377,3,3,0,2,1,0,0
16056,"ORF1ab",5264,3,3,0,2,1,0,0
15981,"ORF1ab",5239,3,3,1,0,0,2,1
15956,"ORF1ab",5231,3,3,0,2,1,0,0
15955,"ORF1ab",5230,3,1,0,0,3,0,0
15930,"ORF1ab",5222,3,3,0,1,2,0,0
15906,"ORF1ab",5214,3,3,0,1,2,0,0
15754,"ORF1ab",5163,3,1,0,1,2,0,0
15738,"ORF1ab",5158,3,3,1,1,0,2,0
15653,"ORF1ab",5130,3,3,0,0,3,0,0
15612,"ORF1ab",5116,3,3,0,0,3,0,0
15444,"ORF1ab",5060,3,3,0,1,1,1,0
15199,"ORF1ab",4978,3,0,0,1,1,1,0
15154,"ORF1ab",4963,3,2,0,0,1,0,2
15003,"ORF1ab",4913,3,3,0,3,0,0,0
14968,"ORF1ab",4901,3,0,0,1,2,0,0
14895,"ORF1ab",4877,3,3,0,1,2,0,0
14790,"ORF1ab",4842,3,3,0,0,0,2,1
14724,"ORF1ab",4820,3,3,1,1,0,2,0
14708,"ORF1ab",4815,3,0,1,0,2,1,0
14536,"ORF1ab",4757,3,0,0,1,2,0,0
14369,"ORF1ab",4702,3,3,0,0,3,0,0
14347,"ORF1ab",4694,3,3,0,1,2,0,0
14309,"ORF1ab",4682,3,3,0,0,2,1,0
14305,"ORF1ab",4680,3,0,0,1,2,0,0
14260,"ORF1ab",4665,3,3,0,1,2,0,0
14005,"ORF1ab",4580,3,2,0,0,3,0,0
13904,"ORF1ab",4547,3,3,0,0,1,2,0
13810,"ORF1ab",4515,3,1,0,2,1,0,0
13806,"ORF1ab",4514,3,3,0,2,1,0,0
13571,"ORF1ab",4436,3,3,0,1,0,2,0
13541,"ORF1ab",4426,3,3,0,1,1,1,0
13468,"ORF1ab",4401,3,1,0,1,2,0,0
13422,"ORF1ab",4386,3,3,0,0,3,0,0
13119,"ORF1ab",4285,3,3,0,1,0,1,1
13026,"ORF1ab",4254,3,3,1,1,2,0,0
12905,"ORF1ab",4214,3,3,0,0,2,0,1
12885,"ORF1ab",4207,3,3,2,0,0,1,2
12828,"ORF1ab",4188,3,3,0,1,2,0,0
12793,"ORF1ab",4176,3,1,0,1,2,0,0
12783,"ORF1ab",4173,3,3,0,3,0,0,0
12523,"ORF1ab",4086,3,0,0,2,0,0,1
12322,"ORF1ab",4019,3,2,0,0,3,0,0
12317,"ORF1ab",4018,3,3,0,0,3,0,0
12213,"ORF1ab",3983,3,3,0,0,1,1,1
12111,"ORF1ab",3949,3,3,0,1,2,0,0
11997,"ORF1ab",3911,3,3,0,2,1,0,0
11990,"ORF1ab",3909,3,3,0,1,2,0,0
11754,"ORF1ab",3830,3,3,0,1,2,0,0
11527,"ORF1ab",3754,3,0,0,1,2,0,0
11417,"ORF1ab",3718,3,3,0,0,1,2,0
11395,"ORF1ab",3710,3,0,0,0,0,0,3
11377,"ORF1ab",3704,3,0,0,1,2,0,0
11376,"ORF1ab",3704,3,3,0,0,3,0,0
11126,"ORF1ab",3621,3,3,1,1,1,0,1
11109,"ORF1ab",3615,3,3,1,0,1,2,0
10973,"ORF1ab",3570,3,3,0,2,1,0,0
10819,"ORF1ab",3518,3,0,0,0,3,0,0
10379,"ORF1ab",3372,3,3,1,0,3,0,0
10339,"ORF1ab",3358,3,1,1,1,2,0,0
10332,"ORF1ab",3356,3,3,0,2,1,0,0
10325,"ORF1ab",3354,3,3,0,0,3,0,0
10323,"ORF1ab",3353,3,3,0,0,1,1,1
10213,"ORF1ab",3316,3,2,0,1,2,0,0
10202,"ORF1ab",3313,3,3,0,0,2,0,1
10138,"ORF1ab",3291,3,0,0,0,0,1,2
9475,"ORF1ab",3070,3,0,0,3,0,0,0
9464,"ORF1ab",3067,3,3,0,1,2,0,0
9460,"ORF1ab",3065,3,3,0,1,2,0,0
9448,"ORF1ab",3061,3,0,0,1,1,1,0
9322,"ORF1ab",3019,3,0,0,1,2,0,0
9295,"ORF1ab",3010,3,0,0,3,0,0,0
9286,"ORF1ab",3007,3,0,0,0,1,2,0
9266,"ORF1ab",3001,3,3,0,1,2,0,0
8927,"ORF1ab",2888,3,3,0,1,0,2,0
8889,"ORF1ab",2875,3,3,0,1,2,0,0
8827,"ORF1ab",2854,3,2,0,1,2,0,0
8582,"ORF1ab",2773,3,1,0,1,2,0,0
8561,"ORF1ab",2766,3,3,0,0,3,0,0
8489,"ORF1ab",2742,3,0,0,0,2,0,1
8343,"ORF1ab",2693,3,3,0,0,2,1,0
8107,"ORF1ab",2614,3,0,0,2,1,0,0
8008,"ORF1ab",2581,3,0,0,2,1,0,0
7936,"ORF1ab",2557,3,0,0,0,1,1,1
7912,"ORF1ab",2549,3,2,0,1,2,0,0
7750,"ORF1ab",2495,3,0,0,1,2,0,0
7735,"ORF1ab",2490,3,0,0,0,0,2,1
7586,"ORF1ab",2441,3,3,0,1,2,0,0
7565,"ORF1ab",2434,3,3,0,1,2,0,0
7464,"ORF1ab",2400,3,3,0,1,1,1,0
7388,"ORF1ab",2375,3,3,0,0,3,0,0
7299,"ORF1ab",2345,3,3,0,1,0,1,1
7262,"ORF1ab",2333,3,3,1,0,1,2,0
7236,"ORF1ab",2324,3,3,0,2,1,0,0
7225,"ORF1ab",2320,3,0,0,1,1,1,0
7204,"ORF1ab",2313,3,0,0,0,3,0,0
7067,"ORF1ab",2268,3,3,0,0,0,3,0
7059,"ORF1ab",2265,3,3,0,0,2,1,0
6527,"ORF1ab",2088,3,3,0,2,1,0,0
6516,"ORF1ab",2084,3,3,0,2,1,0,0
6367,"ORF1ab",2034,3,0,0,2,1,0,0
6361,"ORF1ab",2032,3,0,0,0,3,0,0
5804,"ORF1ab",1847,3,3,0,0,3,0,0
5803,"ORF1ab",1846,3,1,0,0,2,1,0
5699,"ORF1ab",1812,3,3,0,2,1,0,0
5691,"ORF1ab",1809,3,3,0,1,2,0,0
5349,"ORF1ab",1695,3,3,0,0,3,0,0
5272,"ORF1ab",1669,3,3,0,1,2,0,0
5238,"ORF1ab",1658,3,3,0,1,2,0,0
5183,"ORF1ab",1640,3,3,0,1,0,2,0
4897,"ORF1ab",1544,3,2,0,2,0,1,0
4893,"ORF1ab",1543,3,3,0,0,1,1,1
4833,"ORF1ab",1523,3,3,0,1,2,0,0
4832,"ORF1ab",1523,3,0,0,0,1,0,2
4782,"ORF1ab",1506,3,3,0,1,2,0,0
4660,"ORF1ab",1465,3,1,0,1,2,0,0
4634,"ORF1ab",1457,3,1,0,1,2,0,0
4633,"ORF1ab",1456,3,0,0,0,2,0,1
4521,"ORF1ab",1419,3,3,0,2,1,0,0
4505,"ORF1ab",1414,3,3,0,1,0,1,1
4289,"ORF1ab",1342,3,3,0,1,2,0,0
4288,"ORF1ab",1341,3,0,0,0,3,0,0
4286,"ORF1ab",1341,3,3,0,2,1,0,0
4282,"ORF1ab",1339,3,0,0,3,0,0,0
4114,"ORF1ab",1283,3,0,0,0,3,0,0
4109,"ORF1ab",1282,3,3,0,0,0,3,0
3994,"ORF1ab",1243,3,0,0,1,1,1,0
3991,"ORF1ab",1242,3,0,0,0,3,0,0
3914,"ORF1ab",1217,3,3,0,1,2,0,0
3883,"ORF1ab",1206,3,0,0,0,3,0,0
3470,"ORF1ab",1069,3,3,0,1,2,0,0
3469,"ORF1ab",1068,3,0,0,0,3,0,0
3411,"ORF1ab",1049,3,3,0,0,1,0,2
3393,"ORF1ab",1043,3,3,0,0,3,0,0
3317,"ORF1ab",1018,3,3,0,0,0,3,0
3241,"ORF1ab",992,3,2,0,1,2,0,0
3199,"ORF1ab",978,3,1,0,1,2,0,0
3177,"ORF1ab",971,3,3,1,0,2,0,1
3115,"ORF1ab",950,3,0,0,0,3,0,0
3070,"ORF1ab",935,3,0,0,2,1,0,0
3000,"ORF1ab",912,3,3,0,1,2,0,0
2737,"ORF1ab",824,3,0,0,0,3,0,0
2667,"ORF1ab",801,3,3,0,2,1,0,0
2607,"ORF1ab",781,3,3,0,0,2,1,0
2572,"ORF1ab",769,3,0,0,2,1,0,0
2492,"ORF1ab",743,3,3,0,1,2,0,0
2468,"ORF1ab",735,3,3,0,0,3,0,0
2438,"ORF1ab",725,3,3,0,0,3,0,0
2404,"ORF1ab",713,3,0,0,1,2,0,0
2282,"ORF1ab",673,3,3,0,0,1,2,0
2281,"ORF1ab",672,3,2,0,0,2,1,0
2272,"ORF1ab",669,3,0,0,2,1,0,0
2270,"ORF1ab",669,3,3,0,0,3,0,0
2129,"ORF1ab",622,3,3,0,1,1,1,0
2095,"ORF1ab",610,3,0,0,1,1,0,1
1970,"ORF1ab",569,3,3,0,0,2,1,0
1929,"ORF1ab",555,3,3,1,0,2,0,1
1919,"ORF1ab",552,3,3,0,1,1,1,0
1730,"ORF1ab",489,3,3,0,0,0,3,0
1684,"ORF1ab",473,3,0,0,1,1,1,0
1599,"ORF1ab",445,3,3,1,2,0,0,1
1469,"ORF1ab",402,3,3,0,0,2,0,1
1398,"ORF1ab",378,3,3,0,1,0,0,2
1308,"ORF1ab",348,3,3,0,1,1,1,0
1218,"ORF1ab",318,3,3,0,0,1,2,0
1140,"ORF1ab",292,3,3,0,1,2,0,0
1076,"ORF1ab",271,3,3,0,1,1,0,1
791,"ORF1ab",176,3,3,0,3,0,0,0
789,"ORF1ab",175,3,3,0,2,1,0,0
633,"ORF1ab",123,3,3,0,2,1,0,0
587,"ORF1ab",108,3,3,0,1,2,0,0
565,"ORF1ab",100,3,1,0,0,3,0,0
558,"ORF1ab",98,3,3,0,0,0,3,0
369,"ORF1ab",35,3,3,0,2,1,0,0
356,"ORF1ab",31,3,3,0,2,1,0,0
348,"ORF1ab",28,3,3,0,1,2,0,0
203,"5'UTR",68,3,0,0,0,0,1,2
100,"5'UTR",34,3,0,0,1,2,0,0
29633,"ORF10",26,2,2,0,0,1,0,1
29601,"ORF10",15,2,2,0,0,0,2,0
29585,"ORF10",10,2,2,1,0,0,1,1
29581,"ORF10",8,2,0,0,0,2,0,0
29559,"ORF10",1,2,2,1,2,0,0,0
29555,"none","NA",2,0,0,0,1,1,0
29518,"N",415,2,0,0,0,0,2,0
29505,"N",411,2,2,0,1,1,0,0
29497,"N",408,2,2,0,2,0,0,0
29427,"N",385,2,2,0,1,1,0,0
29414,"N",381,2,2,0,0,1,1,0
29402,"N",377,2,2,0,0,1,1,0
29392,"N",373,2,1,0,0,2,0,0
29386,"N",371,2,0,0,0,0,1,1
29384,"N",371,2,2,0,0,2,0,0
29382,"N",370,2,2,0,1,1,0,0
29381,"N",370,2,2,0,1,1,0,0
29380,"N",369,2,2,0,0,2,0,0
29375,"N",368,2,2,0,1,1,0,0
29353,"N",360,2,0,0,0,0,2,0
29345,"N",358,2,2,0,0,2,0,0
29330,"N",353,2,0,0,0,2,0,0
29309,"N",346,2,2,0,0,2,0,0
29240,"N",323,2,2,2,0,0,2,0
29227,"N",318,2,0,0,1,1,0,0
29196,"N",308,2,2,0,0,2,0,0
29136,"N",288,2,2,0,0,2,0,0
29135,"N",288,2,2,0,1,1,0,0
29133,"N",287,2,2,0,0,2,0,0
29097,"N",275,2,2,0,0,2,0,0
29095,"N",274,2,0,0,2,0,0,0
29090,"N",273,2,2,0,0,2,0,0
29077,"N",268,2,0,0,1,0,1,0
29041,"N",256,2,1,0,1,1,0,0
29036,"N",255,2,2,0,0,0,2,0
29032,"N",253,2,0,0,0,0,2,0
29029,"N",252,2,0,0,0,0,1,1
29024,"N",251,2,2,0,0,0,1,1
29018,"N",249,2,2,0,0,1,1,0
29002,"N",243,2,0,0,0,2,0,0
28978,"N",235,2,0,0,0,1,1,0
28932,"N",220,2,2,0,0,2,0,0
28927,"N",218,2,0,0,0,1,1,0
28916,"N",215,2,2,0,0,0,1,1
28899,"N",209,2,2,0,0,1,1,0
28868,"N",199,2,2,0,0,1,1,0
28857,"N",195,2,2,0,0,1,1,0
28819,"N",182,2,0,0,1,0,0,1
28811,"N",180,2,2,0,1,1,0,0
28805,"N",178,2,2,0,0,2,0,0
28784,"N",171,2,2,0,0,2,0,0
28749,"N",159,2,2,0,0,2,0,0
28748,"N",159,2,0,0,0,1,1,0
28739,"N",156,2,2,0,0,2,0,0
28711,"N",146,2,1,0,0,0,2,0
28708,"N",145,2,0,0,0,1,1,0
28695,"N",141,2,2,0,0,2,0,0
28651,"N",126,2,0,1,1,0,1,0
28649,"N",126,2,2,0,0,2,0,0
28634,"N",121,2,2,0,2,0,0,0
28603,"N",110,2,0,0,0,0,2,0
28568,"N",99,2,2,0,0,1,0,1
28525,"N",84,2,0,0,1,1,0,0
28512,"N",80,2,2,0,0,1,1,0
28504,"N",77,2,1,0,1,1,0,0
28503,"N",77,2,2,0,1,1,0,0
28474,"N",67,2,0,0,0,2,0,0
28452,"N",60,2,2,0,0,2,0,0
28397,"N",42,2,2,0,1,1,0,0
28378,"N",35,2,0,0,0,0,1,1
28368,"N",32,2,2,1,0,1,1,0
28339,"N",22,2,0,0,1,1,0,0
28315,"N",14,2,0,0,0,2,0,0
28292,"N",7,2,2,0,0,0,1,1
28269,"none","NA",2,0,0,0,2,0,0
28209,"ORF8",106,2,2,1,0,0,1,1
28182,"ORF8",97,2,2,0,2,0,0,0
28177,"ORF8",95,2,2,0,2,0,0,0
28176,"ORF8",95,2,2,0,0,2,0,0
28163,"ORF8",90,2,0,0,0,2,0,0
28120,"ORF8",76,2,2,0,2,0,0,0
28087,"ORF8",65,2,2,0,1,1,0,0
28079,"ORF8",62,2,0,0,0,1,1,0
28077,"ORF8",62,2,2,0,0,0,1,1
28073,"ORF8",60,2,2,0,0,2,0,0
27990,"ORF8",33,2,2,0,2,0,0,0
27939,"ORF8",16,2,2,0,0,2,0,0
27919,"ORF8",9,2,2,0,0,0,1,1
27915,"ORF8",8,2,2,0,0,0,1,1
27890,"none","NA",2,0,0,1,0,0,1
27881,"ORF7",163,2,2,0,0,2,0,0
27878,"ORF7",162,2,2,0,1,1,0,0
27868,"ORF7",159,2,2,0,0,2,0,0
27845,"ORF7",151,2,2,1,0,2,0,0
27828,"ORF7",145,2,1,0,2,0,0,0
27810,"ORF7",139,2,0,0,0,0,2,0
27807,"ORF7",138,2,0,0,1,1,0,0
27801,"ORF7",136,2,0,0,1,1,0,0
27790,"ORF7",133,2,2,0,1,1,0,0
27766,"ORF7",125,2,2,0,2,0,0,0
27761,"ORF7",123,2,2,1,1,0,0,1
27752,"ORF7",120,2,2,0,1,1,0,0
27751,"ORF7",120,2,2,0,1,1,0,0
27725,"ORF7",111,2,2,0,0,2,0,0
27708,"ORF7",105,2,0,0,1,1,0,0
27675,"ORF7",94,2,2,0,1,1,0,0
27629,"ORF7",79,2,2,0,1,1,0,0
27620,"ORF7",76,2,2,0,0,1,0,1
27603,"ORF7",70,2,0,0,0,2,0,0
27597,"ORF7",68,2,0,0,0,2,0,0
27596,"ORF7",68,2,2,0,0,2,0,0
27582,"ORF7",63,2,1,0,0,1,1,0
27580,"ORF7",63,2,2,1,1,1,0,0
27577,"ORF7",62,2,2,0,1,1,0,0
27557,"ORF7",55,2,2,0,1,1,0,0
27549,"ORF7",52,2,0,1,1,0,1,0
27516,"ORF7",41,2,0,0,0,2,0,0
27407,"ORF7",5,2,2,0,1,1,0,0
27384,"ORF6",61,2,0,0,0,0,0,2
27371,"ORF6",57,2,2,0,1,1,0,0
27366,"ORF6",55,2,0,0,0,2,0,0
27278,"ORF6",26,2,2,0,0,2,0,0
27261,"ORF6",20,2,1,0,2,0,0,0
27258,"ORF6",19,2,2,1,1,1,0,0
27191,"M",223,2,1,0,1,1,0,0
27186,"M",222,2,2,0,0,2,0,0
27106,"M",195,2,2,0,0,0,1,1
27105,"M",195,2,2,0,1,0,1,0
27076,"M",185,2,2,0,1,0,0,1
27069,"M",183,2,2,0,0,2,0,0
27013,"M",164,2,2,0,0,2,0,0
27005,"M",161,2,0,0,0,1,1,0
26998,"M",159,2,2,0,1,1,0,0
26997,"M",159,2,2,0,1,1,0,0
26995,"M",158,2,2,0,1,0,1,0
26985,"M",155,2,2,0,0,1,0,1
26934,"M",138,2,2,0,1,1,0,0
26922,"M",134,2,0,0,0,1,0,1
26895,"M",125,2,2,0,0,2,0,0
26885,"M",121,2,0,0,0,1,1,0
26882,"M",120,2,0,0,0,1,1,0
26853,"M",111,2,2,0,1,1,0,0
26823,"M",101,2,0,0,0,2,0,0
26801,"M",93,2,0,0,0,0,1,1
26753,"M",77,2,0,0,0,1,0,1
26750,"M",76,2,0,0,0,1,1,0
26735,"M",71,2,1,0,1,1,0,0
26643,"M",41,2,2,0,1,1,0,0
26640,"M",40,2,2,0,1,0,0,1
26609,"M",29,2,0,0,1,1,0,0
26551,"M",10,2,2,0,0,1,0,1
26549,"M",9,2,0,0,1,0,0,1
26529,"M",3,2,2,0,1,1,0,0
26528,"M",2,2,0,0,1,1,0,0
26492,"none","NA",2,0,0,2,0,0,0
26478,"none","NA",2,0,0,1,1,0,0
26468,"E",75,2,2,0,0,2,0,0
26456,"E",71,2,2,0,0,1,0,1
26416,"E",58,2,2,1,1,0,1,0
26354,"E",37,2,2,0,1,1,0,0
26333,"E",30,2,2,0,1,0,1,0
26306,"E",21,2,2,0,0,2,0,0
26301,"E",19,2,0,0,1,1,0,0
26284,"E",14,2,2,0,1,0,1,0
26224,"none","NA",2,0,0,0,1,0,1
26222,"none","NA",2,0,0,0,0,0,2
26202,"ORF3a",270,2,0,0,0,2,0,0
26152,"ORF3a",254,2,2,0,0,0,0,2
26119,"ORF3a",243,2,2,0,0,1,0,1
26111,"ORF3a",240,2,2,1,0,1,1,0
26065,"ORF3a",225,2,2,0,0,0,2,0
26022,"ORF3a",210,2,0,0,1,0,0,1
25996,"ORF3a",202,2,2,0,0,1,1,0
25986,"ORF3a",198,2,0,0,0,2,0,0
25914,"ORF3a",174,2,0,0,1,1,0,0
25913,"ORF3a",174,2,2,0,1,1,0,0
25904,"ORF3a",171,2,2,0,1,1,0,0
25874,"ORF3a",161,2,2,0,1,1,0,0
25857,"ORF3a",155,2,0,0,0,2,0,0
25798,"ORF3a",136,2,2,1,0,0,2,0
25794,"ORF3a",134,2,0,0,0,1,0,1
25792,"ORF3a",134,2,2,0,0,0,1,1
25781,"ORF3a",130,2,2,0,1,1,0,0
25720,"ORF3a",110,2,2,0,0,1,1,0
25705,"ORF3a",105,2,2,0,1,0,1,0
25685,"ORF3a",98,2,2,1,0,0,2,0
25644,"ORF3a",84,2,0,0,0,0,2,0
25626,"ORF3a",78,2,1,0,0,1,1,0
25576,"ORF3a",62,2,2,0,0,0,0,2
25555,"ORF3a",55,2,2,0,0,1,1,0
25552,"ORF3a",54,2,2,2,0,0,2,0
25514,"ORF3a",41,2,2,0,0,2,0,0
25477,"ORF3a",29,2,2,0,0,0,2,0
25447,"ORF3a",19,2,2,0,0,1,1,0
25442,"ORF3a",17,2,2,0,0,2,0,0
25429,"ORF3a",13,2,2,0,1,0,1,0
25394,"ORF3a",1,2,2,0,0,2,0,0
25387,"none","NA",2,0,0,1,1,0,0
25349,"S",1263,2,2,0,0,2,0,0
25333,"S",1257,2,0,0,0,1,1,0
25320,"S",1253,2,2,0,2,0,0,0
25296,"S",1245,2,2,0,2,0,0,0
25282,"S",1240,2,0,0,2,0,0,0
25203,"S",1214,2,2,1,0,1,0,1
25196,"S",1212,2,2,0,0,2,0,0
25177,"S",1205,2,1,0,0,1,0,1
25169,"S",1203,2,2,0,1,1,0,0
25145,"S",1195,2,2,0,0,1,1,0
25128,"S",1189,2,2,0,0,2,0,0
25116,"S",1185,2,2,0,1,1,0,0
25095,"S",1178,2,2,0,0,2,0,0
25091,"S",1177,2,2,0,0,1,1,0
25046,"S",1162,2,2,0,0,1,1,0
25014,"S",1151,2,2,0,0,2,0,0
24998,"S",1146,2,2,0,0,2,0,0
24932,"S",1124,2,2,0,0,2,0,0
24926,"S",1122,2,2,0,1,0,0,1
24923,"S",1121,2,2,0,1,1,0,0
24910,"S",1116,2,0,0,1,1,0,0
24909,"S",1116,2,2,1,1,1,0,0
24887,"S",1109,2,2,0,0,0,0,2
24821,"S",1087,2,2,0,0,1,1,0
24816,"S",1085,2,2,0,0,1,1,0
24769,"S",1069,2,0,0,1,1,0,0
24757,"S",1065,2,0,0,1,0,1,0
24745,"S",1061,2,0,0,0,2,0,0
24728,"S",1056,2,2,0,1,1,0,0
24709,"S",1049,2,0,0,1,1,0,0
24697,"S",1045,2,1,0,1,1,0,0
24696,"S",1045,2,2,0,0,2,0,0
24668,"S",1036,2,2,0,1,1,0,0
24558,"S",999,2,2,0,1,1,0,0
24535,"S",991,2,0,0,1,1,0,0
24474,"S",971,2,2,0,0,1,1,0
24428,"S",956,2,2,0,1,1,0,0
24417,"S",952,2,2,0,1,1,0,0
24395,"S",945,2,2,0,0,2,0,0
24393,"S",944,2,2,0,2,0,0,0
24380,"S",940,2,2,0,1,1,0,0
24283,"S",907,2,0,0,0,2,0,0
24278,"S",906,2,2,0,0,0,0,2
24277,"S",905,2,0,0,0,1,0,1
24269,"S",903,2,2,0,0,1,0,1
24223,"S",887,2,0,0,0,2,0,0
24154,"S",864,2,0,0,0,2,0,0
24138,"S",859,2,2,0,0,0,2,0
24124,"S",854,2,2,0,0,1,1,0
24102,"S",847,2,2,1,0,0,2,0
24057,"S",832,2,2,0,0,1,0,1
24053,"S",831,2,2,0,0,1,0,1
24050,"S",830,2,2,0,0,0,1,1
24041,"S",827,2,2,0,0,2,0,0
24023,"S",821,2,0,0,0,1,1,0
24014,"S",818,2,2,0,2,0,0,0
23999,"S",813,2,2,0,0,2,0,0
23993,"S",811,2,2,0,0,2,0,0
23990,"S",810,2,2,0,0,2,0,0
23989,"S",809,2,0,0,0,2,0,0
23912,"S",784,2,2,0,1,0,0,1
23903,"S",781,2,2,0,1,1,0,0
23811,"S",750,2,2,0,0,2,0,0
23782,"S",740,2,2,1,0,1,1,0
23770,"S",736,2,0,0,1,1,0,0
23755,"S",731,2,2,0,1,1,0,0
23728,"S",722,2,0,0,2,0,0,0
23718,"S",719,2,2,0,0,1,0,1
23710,"S",716,2,0,0,0,2,0,0
23699,"S",713,2,2,0,0,2,0,0
23678,"S",706,2,2,0,0,1,1,0
23625,"S",688,2,2,1,1,0,1,0
23613,"S",684,2,2,0,1,0,0,1
23608,"S",682,2,0,0,1,0,0,1
23606,"S",682,2,1,0,2,0,0,0
23580,"S",673,2,2,0,0,0,1,1
23577,"S",672,2,2,0,1,1,0,0
23568,"S",669,2,2,0,0,1,1,0
23562,"S",667,2,2,0,1,0,0,1
23534,"S",658,2,2,0,0,0,0,2
23525,"S",655,2,2,0,0,0,1,1
23517,"S",652,2,2,0,0,2,0,0
23492,"S",644,2,2,0,0,0,1,1
23443,"S",627,2,0,0,1,1,0,0
23426,"S",622,2,2,0,0,0,2,0
23398,"S",612,2,0,0,0,1,1,0
23325,"S",588,2,2,0,2,0,0,0
23309,"S",583,2,2,0,0,0,2,0
23291,"S",577,2,2,0,1,1,0,0
23236,"S",558,2,2,1,1,1,0,0
23206,"S",548,2,0,0,0,2,0,0
23203,"S",547,2,0,0,1,1,0,0
23202,"S",547,2,2,0,1,1,0,0
23163,"S",534,2,2,0,2,0,0,0
23017,"S",485,2,0,0,0,2,0,0
22988,"S",476,2,2,0,0,0,0,2
22979,"S",473,2,2,0,0,2,0,0
22977,"S",472,2,2,0,0,2,0,0
22948,"S",462,2,1,0,1,1,0,0
22919,"S",453,2,2,0,2,0,0,0
22918,"S",452,2,0,0,0,2,0,0
22867,"S",435,2,0,0,2,0,0,0
22835,"S",425,2,1,0,0,2,0,0
22820,"S",420,2,2,0,0,2,0,0
22807,"S",415,2,0,0,0,2,0,0
22685,"S",375,2,2,0,1,1,0,0
22675,"S",371,2,0,0,0,2,0,0
22661,"S",367,2,2,0,0,0,1,1
22591,"S",343,2,0,0,1,1,0,0
22482,"S",307,2,2,0,2,0,0,0
22361,"S",267,2,2,0,0,2,0,0
22302,"S",247,2,2,0,0,0,1,1
22283,"S",241,2,1,0,0,2,0,0
22264,"S",234,2,0,0,1,1,0,0
22251,"S",230,2,2,0,1,0,0,1
22239,"S",226,2,2,0,0,2,0,0
22218,"S",219,2,2,0,1,1,0,0
22215,"S",218,2,2,0,1,1,0,0
22214,"S",218,2,2,0,0,0,2,0
22157,"S",199,2,2,0,0,2,0,0
22107,"S",182,2,2,0,1,1,0,0
22078,"S",172,2,0,0,1,0,1,0
22064,"S",168,2,2,0,0,1,1,0
22023,"S",154,2,2,0,1,1,0,0
21999,"S",146,2,2,1,0,1,1,0
21993,"S",144,2,2,0,0,0,2,0
21985,"S",141,2,2,0,0,2,0,0
21954,"S",131,2,2,0,1,1,0,0
21886,"S",108,2,0,0,1,1,0,0
21881,"S",107,2,2,0,0,1,1,0
21877,"S",105,2,1,0,2,0,0,0
21868,"S",102,2,1,0,1,1,0,0
21789,"S",76,2,2,0,0,2,0,0
21733,"S",57,2,0,0,1,1,0,0
21731,"S",57,2,2,0,1,1,0,0
21715,"S",51,2,0,0,1,1,0,0
21714,"S",51,2,2,0,0,1,0,1
21696,"S",45,2,2,0,1,0,1,0
21695,"S",45,2,2,0,1,1,0,0
21688,"S",42,2,0,0,1,1,0,0
21686,"S",42,2,2,0,1,0,1,0
21646,"S",28,2,0,0,0,1,0,1
21640,"S",26,2,0,0,1,1,0,0
21637,"S",25,2,0,0,0,2,0,0
21627,"S",22,2,2,0,1,0,1,0
21594,"S",11,2,2,0,0,2,0,0
21544,"ORF1ab",7093,2,2,0,0,2,0,0
21458,"ORF1ab",7065,2,2,0,1,1,0,0
21450,"ORF1ab",7062,2,2,0,0,2,0,0
21440,"ORF1ab",7059,2,2,0,1,1,0,0
21426,"ORF1ab",7054,2,2,0,0,0,2,0
21419,"ORF1ab",7052,2,2,0,0,2,0,0
21407,"ORF1ab",7048,2,2,0,0,1,1,0
21387,"ORF1ab",7041,2,2,0,0,0,2,0
21361,"ORF1ab",7032,2,1,0,0,2,0,0
21349,"ORF1ab",7028,2,1,0,1,1,0,0
21330,"ORF1ab",7022,2,2,0,0,2,0,0
21249,"ORF1ab",6995,2,0,0,1,1,0,0
21246,"ORF1ab",6994,2,2,0,2,0,0,0
21234,"ORF1ab",6990,2,2,0,1,0,1,0
21144,"ORF1ab",6960,2,2,0,1,1,0,0
21123,"ORF1ab",6953,2,2,1,0,0,1,1
21082,"ORF1ab",6939,2,1,0,0,2,0,0
21037,"ORF1ab",6924,2,0,1,1,1,0,0
21020,"ORF1ab",6919,2,0,0,0,2,0,0
21001,"ORF1ab",6912,2,0,0,1,1,0,0
20994,"ORF1ab",6910,2,2,0,0,2,0,0
20976,"ORF1ab",6904,2,2,0,2,0,0,0
20947,"ORF1ab",6894,2,0,0,0,2,0,0
20891,"ORF1ab",6876,2,2,0,0,1,0,1
20858,"ORF1ab",6865,2,1,0,0,1,0,1
20840,"ORF1ab",6859,2,2,0,0,1,0,1
20838,"ORF1ab",6858,2,2,0,1,0,1,0
20796,"ORF1ab",6844,2,2,2,0,2,0,0
20774,"ORF1ab",6837,2,2,0,0,2,0,0
20762,"ORF1ab",6833,2,2,0,0,0,1,1
20758,"ORF1ab",6831,2,0,0,1,1,0,0
20740,"ORF1ab",6825,2,1,0,0,2,0,0
20730,"ORF1ab",6822,2,2,0,0,1,0,1
20718,"ORF1ab",6818,2,2,0,0,1,1,0
20708,"ORF1ab",6815,2,2,0,0,1,1,0
20691,"ORF1ab",6809,2,2,0,1,0,0,1
20674,"ORF1ab",6803,2,0,0,0,2,0,0
20653,"ORF1ab",6796,2,2,0,0,1,0,1
20630,"ORF1ab",6789,2,2,0,0,2,0,0
20629,"ORF1ab",6788,2,0,0,0,1,1,0
20627,"ORF1ab",6788,2,2,0,0,2,0,0
20625,"ORF1ab",6787,2,2,0,0,2,0,0
20622,"ORF1ab",6786,2,2,0,0,0,0,2
20612,"ORF1ab",6783,2,2,0,2,0,0,0
20578,"ORF1ab",6771,2,2,0,0,1,1,0
20520,"ORF1ab",6752,2,2,0,0,2,0,0
20497,"ORF1ab",6744,2,0,0,1,1,0,0
20457,"ORF1ab",6731,2,2,0,0,2,0,0
20438,"ORF1ab",6725,2,2,0,0,2,0,0
20429,"ORF1ab",6722,2,0,0,1,1,0,0
20398,"ORF1ab",6711,2,1,0,0,1,1,0
20326,"ORF1ab",6687,2,0,0,1,1,0,0
20254,"ORF1ab",6663,2,1,0,1,1,0,0
20234,"ORF1ab",6657,2,2,0,1,1,0,0
20225,"ORF1ab",6654,2,2,0,0,2,0,0
20201,"ORF1ab",6646,2,0,0,1,0,1,0
20157,"ORF1ab",6631,2,2,0,2,0,0,0
20156,"ORF1ab",6631,2,2,0,2,0,0,0
20148,"ORF1ab",6628,2,2,0,0,2,0,0
20139,"ORF1ab",6625,2,2,0,0,1,1,0
20130,"ORF1ab",6622,2,2,0,1,1,0,0
20126,"ORF1ab",6621,2,2,0,1,0,1,0
20125,"ORF1ab",6620,2,0,0,2,0,0,0
20124,"ORF1ab",6620,2,2,0,1,1,0,0
20088,"ORF1ab",6608,2,2,0,1,1,0,0
20051,"ORF1ab",6596,2,2,0,0,1,1,0
20033,"ORF1ab",6590,2,2,0,0,0,2,0
20032,"ORF1ab",6589,2,0,0,1,0,0,1
20028,"ORF1ab",6588,2,2,0,1,1,0,0
20007,"ORF1ab",6581,2,2,0,2,0,0,0
19999,"ORF1ab",6578,2,2,0,0,0,1,1
19943,"ORF1ab",6560,2,2,0,0,2,0,0
19888,"ORF1ab",6541,2,0,0,0,2,0,0
19876,"ORF1ab",6537,2,0,0,1,1,0,0
19839,"ORF1ab",6525,2,2,1,0,0,2,0
19814,"ORF1ab",6517,2,2,0,0,1,1,0
19684,"ORF1ab",6473,2,2,0,0,0,1,1
19679,"ORF1ab",6472,2,2,0,0,0,2,0
19672,"ORF1ab",6469,2,0,1,0,1,0,1
19662,"ORF1ab",6466,2,2,0,0,0,2,0
19531,"ORF1ab",6422,2,0,0,0,2,0,0
19493,"ORF1ab",6410,2,2,0,0,0,1,1
19473,"ORF1ab",6403,2,2,0,0,2,0,0
19398,"ORF1ab",6378,2,2,1,0,2,0,0
19395,"ORF1ab",6377,2,2,0,0,2,0,0
19389,"ORF1ab",6375,2,2,0,1,1,0,0
19312,"ORF1ab",6349,2,2,0,1,1,0,0
19287,"ORF1ab",6341,2,2,0,2,0,0,0
19264,"ORF1ab",6333,2,0,0,0,0,2,0
19262,"ORF1ab",6333,2,2,0,0,1,0,1
19196,"ORF1ab",6311,2,2,0,0,0,0,2
19156,"ORF1ab",6297,2,0,0,1,1,0,0
19155,"ORF1ab",6297,2,2,0,0,1,0,1
19150,"ORF1ab",6295,2,2,0,1,1,0,0
18988,"ORF1ab",6241,2,0,0,0,1,0,1
18957,"ORF1ab",6231,2,2,0,0,2,0,0
18939,"ORF1ab",6225,2,2,0,0,2,0,0
18936,"ORF1ab",6224,2,2,0,1,1,0,0
18897,"ORF1ab",6211,2,2,0,0,2,0,0
18889,"ORF1ab",6208,2,0,0,2,0,0,0
18804,"ORF1ab",6180,2,2,0,1,1,0,0
18772,"ORF1ab",6169,2,0,0,2,0,0,0
18668,"ORF1ab",6135,2,2,0,1,1,0,0
18649,"ORF1ab",6128,2,0,0,0,1,1,0
18636,"ORF1ab",6124,2,0,0,2,0,0,0
18634,"ORF1ab",6123,2,1,0,0,1,0,1
18591,"ORF1ab",6109,2,2,0,0,0,2,0
18551,"ORF1ab",6096,2,2,0,0,2,0,0
18526,"ORF1ab",6087,2,0,0,0,1,0,1
18498,"ORF1ab",6078,2,2,0,0,2,0,0
18465,"ORF1ab",6067,2,2,0,0,2,0,0
18464,"ORF1ab",6067,2,1,0,1,1,0,0
18452,"ORF1ab",6063,2,1,0,1,0,1,0
18440,"ORF1ab",6059,2,2,0,1,1,0,0
18414,"ORF1ab",6050,2,2,0,1,1,0,0
18398,"ORF1ab",6045,2,2,0,0,2,0,0
18395,"ORF1ab",6044,2,0,0,1,0,0,1
18377,"ORF1ab",6038,2,2,1,1,1,0,0
18368,"ORF1ab",6035,2,2,0,0,0,2,0
18327,"ORF1ab",6021,2,2,0,0,2,0,0
18325,"ORF1ab",6020,2,2,0,0,2,0,0
18318,"ORF1ab",6018,2,2,0,0,1,1,0
18268,"ORF1ab",6001,2,0,0,2,0,0,0
18265,"ORF1ab",6000,2,0,0,0,2,0,0
18261,"ORF1ab",5999,2,2,0,0,2,0,0
18182,"ORF1ab",5973,2,2,0,1,1,0,0
18172,"ORF1ab",5969,2,0,0,0,1,0,1
18149,"ORF1ab",5962,2,2,0,0,2,0,0
18131,"ORF1ab",5956,2,0,0,0,0,2,0
18099,"ORF1ab",5945,2,2,0,1,0,0,1
18090,"ORF1ab",5942,2,2,1,0,1,0,1
18077,"ORF1ab",5938,2,2,0,1,0,0,1
18069,"ORF1ab",5935,2,2,0,0,2,0,0
18061,"ORF1ab",5932,2,0,0,2,0,0,0
18060,"ORF1ab",5932,2,2,0,1,1,0,0
18029,"ORF1ab",5922,2,2,0,0,1,0,1
18007,"ORF1ab",5914,2,0,0,0,0,2,0
17978,"ORF1ab",5905,2,2,0,1,1,0,0
17863,"ORF1ab",5866,2,0,0,1,0,0,1
17857,"ORF1ab",5864,2,2,0,1,1,0,0
17844,"ORF1ab",5860,2,2,0,0,2,0,0
17750,"ORF1ab",5829,2,2,0,1,1,0,0
17738,"ORF1ab",5825,2,2,0,2,0,0,0
17734,"ORF1ab",5823,2,0,0,0,0,2,0
17708,"ORF1ab",5815,2,2,0,0,1,0,1
17666,"ORF1ab",5801,2,1,0,1,1,0,0
17626,"ORF1ab",5787,2,0,0,0,2,0,0
17617,"ORF1ab",5784,2,0,0,0,1,0,1
17573,"ORF1ab",5770,2,0,0,0,1,0,1
17572,"ORF1ab",5769,2,0,0,1,1,0,0
17565,"ORF1ab",5767,2,2,0,1,1,0,0
17550,"ORF1ab",5762,2,2,0,1,0,0,1
17536,"ORF1ab",5757,2,0,0,1,0,0,1
17501,"ORF1ab",5746,2,2,0,0,2,0,0
17485,"ORF1ab",5740,2,0,0,0,0,2,0
17469,"ORF1ab",5735,2,2,0,0,1,1,0
17455,"ORF1ab",5730,2,0,0,0,2,0,0
17440,"ORF1ab",5725,2,0,1,0,2,0,0
17359,"ORF1ab",5698,2,2,0,0,1,0,1
17353,"ORF1ab",5696,2,0,0,0,2,0,0
17334,"ORF1ab",5690,2,2,0,1,1,0,0
17326,"ORF1ab",5687,2,1,0,1,1,0,0
17285,"ORF1ab",5674,2,2,0,0,1,1,0
17167,"ORF1ab",5634,2,0,0,0,0,2,0
17162,"ORF1ab",5633,2,2,0,0,2,0,0
17142,"ORF1ab",5626,2,2,0,2,0,0,0
17122,"ORF1ab",5619,2,2,0,0,1,0,1
17121,"ORF1ab",5619,2,2,0,0,0,1,1
17103,"ORF1ab",5613,2,2,0,1,1,0,0
17078,"ORF1ab",5605,2,2,0,1,1,0,0
17077,"ORF1ab",5604,2,0,0,1,1,0,0
17076,"ORF1ab",5604,2,2,0,1,1,0,0
17063,"ORF1ab",5600,2,2,0,0,0,2,0
17058,"ORF1ab",5598,2,2,0,1,0,1,0
16995,"ORF1ab",5577,2,2,0,0,2,0,0
16989,"ORF1ab",5575,2,2,1,0,1,1,0
16968,"ORF1ab",5568,2,2,0,1,0,1,0
16961,"ORF1ab",5566,2,2,0,0,1,0,1
16946,"ORF1ab",5561,2,2,0,0,0,1,1
16943,"ORF1ab",5560,2,2,0,0,0,2,0
16907,"ORF1ab",5548,2,2,0,0,2,0,0
16891,"ORF1ab",5542,2,1,0,0,1,1,0
16842,"ORF1ab",5526,2,2,0,1,0,0,1
16795,"ORF1ab",5510,2,0,0,0,0,2,0
16699,"ORF1ab",5478,2,0,0,0,2,0,0
16693,"ORF1ab",5476,2,0,0,1,1,0,0
16682,"ORF1ab",5473,2,2,1,1,0,1,0
16671,"ORF1ab",5469,2,2,0,1,0,1,0
16636,"ORF1ab",5457,2,1,0,1,1,0,0
16632,"ORF1ab",5456,2,2,0,1,1,0,0
16615,"ORF1ab",5450,2,0,0,0,2,0,0
16573,"ORF1ab",5436,2,0,0,0,2,0,0
16551,"ORF1ab",5429,2,2,0,0,1,1,0
16530,"ORF1ab",5422,2,2,0,0,2,0,0
16501,"ORF1ab",5412,2,2,0,2,0,0,0
16474,"ORF1ab",5403,2,1,0,0,1,1,0
16433,"ORF1ab",5390,2,2,0,1,1,0,0
16406,"ORF1ab",5381,2,2,0,1,1,0,0
16392,"ORF1ab",5376,2,2,0,0,2,0,0
16375,"ORF1ab",5370,2,0,0,1,0,0,1
16368,"ORF1ab",5368,2,2,0,0,2,0,0
16312,"ORF1ab",5349,2,0,0,1,1,0,0
16296,"ORF1ab",5344,2,2,0,1,1,0,0
16264,"ORF1ab",5333,2,0,0,0,1,0,1
16236,"ORF1ab",5324,2,2,0,0,1,1,0
16227,"ORF1ab",5321,2,2,0,1,1,0,0
16132,"ORF1ab",5289,2,1,0,0,2,0,0
16130,"ORF1ab",5289,2,2,0,0,2,0,0
16117,"ORF1ab",5284,2,2,0,0,1,0,1
16111,"ORF1ab",5282,2,0,0,0,0,1,1
16062,"ORF1ab",5266,2,2,0,2,0,0,0
15965,"ORF1ab",5234,2,2,0,0,0,2,0
15960,"ORF1ab",5232,2,2,1,1,0,1,0
15959,"ORF1ab",5232,2,2,0,2,0,0,0
15950,"ORF1ab",5229,2,2,0,1,1,0,0
15943,"ORF1ab",5226,2,1,0,2,0,0,0
15933,"ORF1ab",5223,2,2,0,0,2,0,0
15852,"ORF1ab",5196,2,2,0,1,1,0,0
15830,"ORF1ab",5189,2,2,0,0,2,0,0
15824,"ORF1ab",5187,2,0,0,0,0,1,1
15773,"ORF1ab",5170,2,2,0,2,0,0,0
15708,"ORF1ab",5148,2,2,1,0,1,0,1
15696,"ORF1ab",5144,2,2,0,1,1,0,0
15694,"ORF1ab",5143,2,0,0,1,1,0,0
15649,"ORF1ab",5128,2,2,0,0,1,1,0
15634,"ORF1ab",5123,2,0,0,1,1,0,0
15619,"ORF1ab",5118,2,0,1,0,2,0,0
15610,"ORF1ab",5115,2,0,0,0,2,0,0
15599,"ORF1ab",5112,2,2,0,1,1,0,0
15594,"ORF1ab",5110,2,2,0,1,0,1,0
15559,"ORF1ab",5098,2,0,0,0,2,0,0
15457,"ORF1ab",5064,2,2,0,0,1,1,0
15430,"ORF1ab",5055,2,2,0,0,2,0,0
15406,"ORF1ab",5047,2,2,1,0,0,2,0
15394,"ORF1ab",5043,2,0,0,2,0,0,0
15324,"ORF1ab",5020,2,2,0,0,0,2,0
15301,"ORF1ab",5012,2,0,0,2,0,0,0
15262,"ORF1ab",4999,2,0,0,1,1,0,0
15240,"ORF1ab",4992,2,2,0,0,2,0,0
15193,"ORF1ab",4976,2,1,0,1,1,0,0
15179,"ORF1ab",4972,2,2,0,1,1,0,0
15137,"ORF1ab",4958,2,2,0,0,0,0,2
15061,"ORF1ab",4932,2,0,0,0,1,0,1
15019,"ORF1ab",4918,2,0,0,1,0,0,1
15010,"ORF1ab",4915,2,0,0,0,1,1,0
15009,"ORF1ab",4915,2,2,0,1,1,0,0
15000,"ORF1ab",4912,2,2,0,0,2,0,0
14928,"ORF1ab",4888,2,2,0,0,1,1,0
14909,"ORF1ab",4882,2,1,0,0,2,0,0
14848,"ORF1ab",4861,2,1,0,1,0,1,0
14829,"ORF1ab",4855,2,2,0,0,1,0,1
14768,"ORF1ab",4835,2,2,0,0,1,0,1
14727,"ORF1ab",4821,2,2,0,1,1,0,0
14725,"ORF1ab",4820,2,0,0,0,2,0,0
14723,"ORF1ab",4820,2,2,0,0,2,0,0
14710,"ORF1ab",4815,2,0,0,1,1,0,0
14677,"ORF1ab",4804,2,0,0,0,0,1,1
14670,"ORF1ab",4802,2,2,1,0,1,1,0
14625,"ORF1ab",4787,2,2,0,0,0,0,2
14584,"ORF1ab",4773,2,0,0,0,2,0,0
14572,"ORF1ab",4769,2,0,0,0,2,0,0
14488,"ORF1ab",4741,2,0,0,1,1,0,0
14377,"ORF1ab",4704,2,0,0,0,2,0,0
14366,"ORF1ab",4701,2,2,0,0,1,1,0
14331,"ORF1ab",4689,2,2,0,2,0,0,0
14310,"ORF1ab",4682,2,2,0,0,2,0,0
14292,"ORF1ab",4676,2,2,1,0,2,0,0
14263,"ORF1ab",4666,2,0,0,1,1,0,0
14256,"ORF1ab",4664,2,2,0,1,1,0,0
14183,"ORF1ab",4640,2,2,0,0,1,0,1
14118,"ORF1ab",4618,2,2,0,1,1,0,0
14107,"ORF1ab",4614,2,0,0,0,1,0,1
14089,"ORF1ab",4608,2,0,0,1,1,0,0
14088,"ORF1ab",4608,2,2,0,1,1,0,0
14076,"ORF1ab",4604,2,2,0,0,2,0,0
13957,"ORF1ab",4564,2,1,0,1,1,0,0
13948,"ORF1ab",4561,2,2,0,0,0,2,0
13914,"ORF1ab",4550,2,2,0,0,2,0,0
13898,"ORF1ab",4545,2,2,0,0,0,0,2
13887,"ORF1ab",4541,2,2,0,1,0,1,0
13877,"ORF1ab",4538,2,0,0,2,0,0,0
13870,"ORF1ab",4535,2,1,0,1,1,0,0
13864,"ORF1ab",4533,2,0,0,0,2,0,0
13862,"ORF1ab",4533,2,2,2,0,0,0,2
13860,"ORF1ab",4532,2,2,0,0,1,1,0
13830,"ORF1ab",4522,2,2,0,0,2,0,0
13818,"ORF1ab",4518,2,2,0,0,2,0,0
13772,"ORF1ab",4503,2,2,0,1,1,0,0
13764,"ORF1ab",4500,2,2,0,0,2,0,0
13659,"ORF1ab",4465,2,2,0,0,1,1,0
13619,"ORF1ab",4452,2,2,0,1,1,0,0
13586,"ORF1ab",4441,2,2,0,1,1,0,0
13552,"ORF1ab",4429,2,0,0,0,2,0,0
13506,"ORF1ab",4414,2,2,0,1,1,0,0
13489,"ORF1ab",4408,2,1,0,0,1,0,1
13487,"ORF1ab",4408,2,2,0,0,1,0,1
13476,"ORF1ab",4404,2,2,1,0,1,0,1
13459,"ORF1ab",4398,2,0,0,2,0,0,0
13425,"ORF1ab",4387,2,2,0,0,1,0,1
13388,"ORF1ab",4375,2,2,0,0,2,0,0
13380,"ORF1ab",4372,2,2,0,2,0,0,0
13358,"ORF1ab",4365,2,2,0,0,2,0,0
13330,"ORF1ab",4355,2,0,0,2,0,0,0
13296,"ORF1ab",4344,2,2,0,0,2,0,0
13263,"ORF1ab",4333,2,2,0,0,2,0,0
13207,"ORF1ab",4314,2,0,0,0,2,0,0
13201,"ORF1ab",4312,2,0,0,0,0,1,1
13115,"ORF1ab",4284,2,2,0,0,2,0,0
13114,"ORF1ab",4283,2,0,0,0,2,0,0
13078,"ORF1ab",4271,2,0,0,1,1,0,0
13048,"ORF1ab",4261,2,0,0,1,1,0,0
12970,"ORF1ab",4235,2,0,0,1,1,0,0
12938,"ORF1ab",4225,2,2,0,0,0,1,1
12894,"ORF1ab",4210,2,2,0,0,2,0,0
12891,"ORF1ab",4209,2,2,0,0,1,0,1
12886,"ORF1ab",4207,2,0,0,0,2,0,0
12881,"ORF1ab",4206,2,2,0,1,1,0,0
12880,"ORF1ab",4205,2,0,0,0,1,1,0
12867,"ORF1ab",4201,2,2,0,0,0,2,0
12866,"ORF1ab",4201,2,2,0,2,0,0,0
12852,"ORF1ab",4196,2,2,0,0,2,0,0
12830,"ORF1ab",4189,2,2,0,1,0,0,1
12799,"ORF1ab",4178,2,0,0,0,2,0,0
12796,"ORF1ab",4177,2,0,0,0,2,0,0
12790,"ORF1ab",4175,2,0,0,0,2,0,0
12782,"ORF1ab",4173,2,2,0,2,0,0,0
12769,"ORF1ab",4168,2,0,1,0,1,0,1
12756,"ORF1ab",4164,2,2,1,0,1,1,0
12688,"ORF1ab",4141,2,2,0,2,0,0,0
12684,"ORF1ab",4140,2,2,0,1,1,0,0
12674,"ORF1ab",4137,2,2,0,0,1,0,1
12672,"ORF1ab",4136,2,2,0,0,1,1,0
12671,"ORF1ab",4136,2,2,0,0,2,0,0
12659,"ORF1ab",4132,2,2,0,0,1,0,1
12540,"ORF1ab",4092,2,2,0,1,0,0,1
12525,"ORF1ab",4087,2,2,0,0,0,1,1
12518,"ORF1ab",4085,2,2,0,1,1,0,0
12514,"ORF1ab",4083,2,0,0,0,1,1,0
12511,"ORF1ab",4082,2,0,0,0,2,0,0
12459,"ORF1ab",4065,2,2,0,0,0,2,0
12453,"ORF1ab",4063,2,2,0,1,0,0,1
12430,"ORF1ab",4055,2,0,0,0,2,0,0
12424,"ORF1ab",4053,2,1,0,1,1,0,0
12307,"ORF1ab",4014,2,0,0,1,1,0,0
12297,"ORF1ab",4011,2,2,0,0,0,0,2
12238,"ORF1ab",3991,2,0,0,1,1,0,0
12204,"ORF1ab",3980,2,2,0,1,1,0,0
12198,"ORF1ab",3978,2,2,0,2,0,0,0
12168,"ORF1ab",3968,2,2,0,1,1,0,0
12131,"ORF1ab",3956,2,2,0,2,0,0,0
12098,"ORF1ab",3945,2,2,0,0,1,0,1
12049,"ORF1ab",3928,2,0,0,2,0,0,0
12038,"ORF1ab",3925,2,2,0,0,2,0,0
12034,"ORF1ab",3923,2,0,1,0,2,0,0
12013,"ORF1ab",3916,2,0,0,1,1,0,0
11956,"ORF1ab",3897,2,0,0,0,0,1,1
11937,"ORF1ab",3891,2,2,0,0,2,0,0
11903,"ORF1ab",3880,2,0,0,0,2,0,0
11900,"ORF1ab",3879,2,2,1,0,0,0,2
11897,"ORF1ab",3878,2,2,0,0,0,2,0
11870,"ORF1ab",3869,2,2,0,2,0,0,0
11827,"ORF1ab",3854,2,0,0,0,0,0,2
11824,"ORF1ab",3853,2,0,0,0,0,1,1
11812,"ORF1ab",3849,2,0,0,1,0,1,0
11811,"ORF1ab",3849,2,2,0,0,2,0,0
11801,"ORF1ab",3846,2,2,1,0,0,2,0
11761,"ORF1ab",3832,2,2,0,0,1,1,0
11747,"ORF1ab",3828,2,0,0,0,0,1,1
11743,"ORF1ab",3826,2,2,0,0,2,0,0
11704,"ORF1ab",3813,2,0,0,0,0,2,0
11596,"ORF1ab",3777,2,2,0,0,2,0,0
11562,"ORF1ab",3766,2,2,0,0,2,0,0
11524,"ORF1ab",3753,2,1,0,1,0,1,0
11463,"ORF1ab",3733,2,2,0,0,2,0,0
11455,"ORF1ab",3730,2,0,0,0,0,2,0
11414,"ORF1ab",3717,2,2,0,1,1,0,0
11372,"ORF1ab",3703,2,2,0,1,1,0,0
11357,"ORF1ab",3698,2,2,0,0,0,0,2
11335,"ORF1ab",3690,2,0,1,0,2,0,0
11258,"ORF1ab",3665,2,2,1,0,2,0,0
11256,"ORF1ab",3664,2,2,0,1,1,0,0
11254,"ORF1ab",3663,2,0,0,1,1,0,0
11231,"ORF1ab",3656,2,2,0,1,1,0,0
11230,"ORF1ab",3655,2,2,0,1,0,0,1
11104,"ORF1ab",3613,2,0,0,0,2,0,0
11093,"ORF1ab",3610,2,2,1,0,2,0,0
11074,"ORF1ab",3603,2,0,0,0,2,0,0
11030,"ORF1ab",3589,2,2,0,1,1,0,0
11022,"ORF1ab",3586,2,2,0,1,1,0,0
11003,"ORF1ab",3580,2,2,0,1,1,0,0
10985,"ORF1ab",3574,2,2,0,1,1,0,0
10981,"ORF1ab",3572,2,0,0,0,1,1,0
10966,"ORF1ab",3567,2,0,0,1,1,0,0
10965,"ORF1ab",3567,2,2,0,1,0,1,0
10934,"ORF1ab",3557,2,2,0,1,1,0,0
10913,"ORF1ab",3550,2,0,0,0,2,0,0
10910,"ORF1ab",3549,2,2,0,2,0,0,0
10893,"ORF1ab",3543,2,2,0,0,0,2,0
10876,"ORF1ab",3537,2,1,0,2,0,0,0
10839,"ORF1ab",3525,2,2,0,1,1,0,0
10826,"ORF1ab",3521,2,2,1,1,1,0,0
10816,"ORF1ab",3517,2,0,0,2,0,0,0
10807,"ORF1ab",3514,2,0,0,1,1,0,0
10798,"ORF1ab",3511,2,2,2,0,0,0,2
10752,"ORF1ab",3496,2,2,0,0,2,0,0
10738,"ORF1ab",3491,2,1,0,0,2,0,0
10735,"ORF1ab",3490,2,0,0,0,0,2,0
10718,"ORF1ab",3485,2,2,0,0,1,1,0
10714,"ORF1ab",3483,2,0,0,0,0,0,2
10700,"ORF1ab",3479,2,2,0,0,2,0,0
10683,"ORF1ab",3473,2,2,0,0,2,0,0
10636,"ORF1ab",3457,2,0,0,1,1,0,0
10619,"ORF1ab",3452,2,2,0,0,0,1,1
10576,"ORF1ab",3437,2,0,0,1,1,0,0
10570,"ORF1ab",3435,2,1,0,0,2,0,0
10540,"ORF1ab",3425,2,2,0,0,2,0,0
10447,"ORF1ab",3394,2,1,0,0,2,0,0
10441,"ORF1ab",3392,2,0,0,1,1,0,0
10421,"ORF1ab",3386,2,2,0,1,1,0,0
10387,"ORF1ab",3374,2,0,0,1,1,0,0
10378,"ORF1ab",3371,2,0,0,0,2,0,0
10311,"ORF1ab",3349,2,2,0,1,1,0,0
10239,"ORF1ab",3325,2,2,0,2,0,0,0
10205,"ORF1ab",3314,2,2,0,0,2,0,0
10191,"ORF1ab",3309,2,2,0,1,1,0,0
10165,"ORF1ab",3300,2,1,0,1,1,0,0
10157,"ORF1ab",3298,2,2,0,0,2,0,0
10156,"ORF1ab",3297,2,0,0,0,2,0,0
10083,"ORF1ab",3273,2,2,0,1,1,0,0
10040,"ORF1ab",3259,2,2,0,2,0,0,0
9972,"ORF1ab",3236,2,2,1,1,1,0,0
9967,"ORF1ab",3234,2,0,1,0,1,0,1
9894,"ORF1ab",3210,2,2,0,1,1,0,0
9892,"ORF1ab",3209,2,0,0,1,0,1,0
9879,"ORF1ab",3205,2,2,0,1,1,0,0
9864,"ORF1ab",3200,2,2,0,2,0,0,0
9845,"ORF1ab",3194,2,2,0,0,2,0,0
9812,"ORF1ab",3183,2,2,0,2,0,0,0
9786,"ORF1ab",3174,2,2,0,1,1,0,0
9755,"ORF1ab",3164,2,2,0,0,2,0,0
9754,"ORF1ab",3163,2,0,0,1,1,0,0
9724,"ORF1ab",3153,2,0,0,0,0,2,0
9603,"ORF1ab",3113,2,2,0,0,1,1,0
9539,"ORF1ab",3092,2,2,0,0,0,0,2
9459,"ORF1ab",3065,2,2,0,0,2,0,0
9456,"ORF1ab",3064,2,2,1,1,1,0,0
9442,"ORF1ab",3059,2,0,0,2,0,0,0
9427,"ORF1ab",3054,2,0,0,0,2,0,0
9417,"ORF1ab",3051,2,2,0,1,1,0,0
9412,"ORF1ab",3049,2,0,0,1,1,0,0
9398,"ORF1ab",3045,2,2,0,1,1,0,0
9389,"ORF1ab",3042,2,2,0,2,0,0,0
9321,"ORF1ab",3019,2,2,0,1,0,1,0
9312,"ORF1ab",3016,2,2,0,0,2,0,0
9306,"ORF1ab",3014,2,2,0,0,1,0,1
9251,"ORF1ab",2996,2,2,0,0,2,0,0
9249,"ORF1ab",2995,2,2,0,0,2,0,0
9240,"ORF1ab",2992,2,2,0,0,2,0,0
9216,"ORF1ab",2984,2,2,0,0,2,0,0
9212,"ORF1ab",2983,2,2,0,2,0,0,0
9209,"ORF1ab",2982,2,2,0,1,1,0,0
9190,"ORF1ab",2975,2,0,0,0,0,2,0
9180,"ORF1ab",2972,2,2,0,0,0,1,1
9132,"ORF1ab",2956,2,2,0,0,2,0,0
9109,"ORF1ab",2948,2,0,0,0,0,0,2
9107,"ORF1ab",2948,2,0,0,1,1,0,0
9050,"ORF1ab",2929,2,2,0,1,0,1,0
9049,"ORF1ab",2928,2,2,0,0,0,2,0
9026,"ORF1ab",2921,2,2,0,0,2,0,0
8952,"ORF1ab",2896,2,2,0,1,0,1,0
8943,"ORF1ab",2893,2,2,0,1,0,1,0
8872,"ORF1ab",2869,2,2,0,0,1,1,0
8868,"ORF1ab",2868,2,2,0,1,1,0,0
8828,"ORF1ab",2855,2,2,0,0,2,0,0
8804,"ORF1ab",2847,2,2,0,1,1,0,0
8795,"ORF1ab",2844,2,2,0,0,2,0,0
8793,"ORF1ab",2843,2,2,0,0,2,0,0
8760,"ORF1ab",2832,2,2,0,1,1,0,0
8733,"ORF1ab",2823,2,2,0,0,0,2,0
8710,"ORF1ab",2815,2,0,0,0,2,0,0
8692,"ORF1ab",2809,2,0,1,2,0,0,0
8682,"ORF1ab",2806,2,2,0,2,0,0,0
8672,"ORF1ab",2803,2,2,0,0,1,1,0
8626,"ORF1ab",2787,2,0,1,0,0,0,2
8587,"ORF1ab",2774,2,0,0,1,1,0,0
8570,"ORF1ab",2769,2,2,0,1,1,0,0
8566,"ORF1ab",2767,2,1,0,1,1,0,0
8560,"ORF1ab",2765,2,1,0,2,0,0,0
8553,"ORF1ab",2763,2,2,0,1,1,0,0
8550,"ORF1ab",2762,2,2,0,1,1,0,0
8548,"ORF1ab",2761,2,0,0,0,1,1,0
8526,"ORF1ab",2754,2,2,1,1,1,0,0
8482,"ORF1ab",2739,2,0,0,1,1,0,0
8465,"ORF1ab",2734,2,2,0,0,1,1,0
8403,"ORF1ab",2713,2,2,0,0,2,0,0
8389,"ORF1ab",2708,2,0,0,1,1,0,0
8381,"ORF1ab",2706,2,2,0,0,1,0,1
8373,"ORF1ab",2703,2,2,0,1,1,0,0
8337,"ORF1ab",2691,2,2,1,0,2,0,0
8336,"ORF1ab",2691,2,2,0,0,2,0,0
8331,"ORF1ab",2689,2,2,0,1,1,0,0
8327,"ORF1ab",2688,2,2,0,0,2,0,0
8318,"ORF1ab",2685,2,2,0,1,1,0,0
8299,"ORF1ab",2678,2,0,0,0,1,1,0
8294,"ORF1ab",2677,2,2,0,1,1,0,0
8290,"ORF1ab",2675,2,0,1,0,0,2,0
8259,"ORF1ab",2665,2,2,0,1,1,0,0
8226,"ORF1ab",2654,2,2,0,1,0,1,0
8208,"ORF1ab",2648,2,2,0,0,2,0,0
8201,"ORF1ab",2646,2,2,0,1,1,0,0
8186,"ORF1ab",2641,2,2,0,1,1,0,0
8171,"ORF1ab",2636,2,2,0,1,1,0,0
8169,"ORF1ab",2635,2,2,0,1,1,0,0
8123,"ORF1ab",2620,2,2,0,0,1,1,0
8115,"ORF1ab",2617,2,2,1,1,1,0,0
8084,"ORF1ab",2607,2,2,0,0,0,1,1
8027,"ORF1ab",2588,2,2,0,0,0,0,2
7994,"ORF1ab",2577,2,2,0,0,2,0,0
7963,"ORF1ab",2566,2,0,0,1,1,0,0
7948,"ORF1ab",2561,2,0,0,0,2,0,0
7929,"ORF1ab",2555,2,2,0,0,0,0,2
7924,"ORF1ab",2553,2,0,0,2,0,0,0
7913,"ORF1ab",2550,2,2,0,0,2,0,0
7852,"ORF1ab",2529,2,0,0,0,1,0,1
7814,"ORF1ab",2517,2,2,0,1,1,0,0
7812,"ORF1ab",2516,2,2,0,0,2,0,0
7798,"ORF1ab",2511,2,2,1,0,0,1,1
7749,"ORF1ab",2495,2,2,0,1,1,0,0
7700,"ORF1ab",2479,2,2,0,0,1,1,0
7673,"ORF1ab",2470,2,2,0,0,2,0,0
7582,"ORF1ab",2439,2,0,0,0,2,0,0
7555,"ORF1ab",2430,2,0,0,2,0,0,0
7539,"ORF1ab",2425,2,2,0,0,2,0,0
7536,"ORF1ab",2424,2,2,0,1,1,0,0
7479,"ORF1ab",2405,2,2,0,1,1,0,0
7471,"ORF1ab",2402,2,1,0,0,2,0,0
7424,"ORF1ab",2387,2,2,0,0,2,0,0
7405,"ORF1ab",2380,2,2,0,2,0,0,0
7404,"ORF1ab",2380,2,2,0,1,1,0,0
7400,"ORF1ab",2379,2,2,0,0,2,0,0
7389,"ORF1ab",2375,2,2,0,1,1,0,0
7382,"ORF1ab",2373,2,2,0,0,1,1,0
7364,"ORF1ab",2367,2,0,0,0,2,0,0
7354,"ORF1ab",2363,2,2,0,0,0,0,2
7349,"ORF1ab",2362,2,2,0,2,0,0,0
7279,"ORF1ab",2338,2,0,0,0,0,1,1
7214,"ORF1ab",2317,2,2,0,0,1,1,0
7182,"ORF1ab",2306,2,2,0,0,2,0,0
7165,"ORF1ab",2300,2,0,0,0,0,0,2
7155,"ORF1ab",2297,2,2,0,1,1,0,0
7122,"ORF1ab",2286,2,2,0,0,1,0,1
7068,"ORF1ab",2268,2,2,0,0,1,1,0
7066,"ORF1ab",2267,2,0,0,0,0,1,1
6971,"ORF1ab",2236,2,1,0,1,1,0,0
6848,"ORF1ab",2195,2,2,0,1,1,0,0
6835,"ORF1ab",2190,2,0,0,0,0,0,2
6832,"ORF1ab",2189,2,0,0,0,0,0,2
6831,"ORF1ab",2189,2,2,0,0,1,0,1
6808,"ORF1ab",2181,2,0,0,1,1,0,0
6793,"ORF1ab",2176,2,0,0,1,1,0,0
6694,"ORF1ab",2143,2,1,0,1,1,0,0
6671,"ORF1ab",2136,2,2,0,1,0,0,1
6651,"ORF1ab",2129,2,2,0,0,1,1,0
6634,"ORF1ab",2123,2,0,0,1,1,0,0
6632,"ORF1ab",2123,2,2,0,0,1,0,1
6570,"ORF1ab",2102,2,2,0,1,0,1,0
6560,"ORF1ab",2099,2,2,0,1,1,0,0
6519,"ORF1ab",2085,2,2,0,1,1,0,0
6515,"ORF1ab",2084,2,1,0,1,1,0,0
6508,"ORF1ab",2081,2,0,0,1,1,0,0
6507,"ORF1ab",2081,2,2,0,1,0,1,0
6505,"ORF1ab",2080,2,0,0,0,0,2,0
6463,"ORF1ab",2066,2,0,0,0,2,0,0
6449,"ORF1ab",2062,2,2,0,0,1,1,0
6446,"ORF1ab",2061,2,2,0,0,0,1,1
6437,"ORF1ab",2058,2,2,0,0,1,0,1
6417,"ORF1ab",2051,2,2,0,2,0,0,0
6407,"ORF1ab",2048,2,2,0,2,0,0,0
6402,"ORF1ab",2046,2,2,0,0,2,0,0
6400,"ORF1ab",2045,2,0,0,0,2,0,0
6399,"ORF1ab",2045,2,2,0,2,0,0,0
6336,"ORF1ab",2024,2,2,0,0,1,1,0
6321,"ORF1ab",2019,2,2,0,0,1,0,1
6249,"ORF1ab",1995,2,2,0,1,1,0,0
6151,"ORF1ab",1962,2,0,2,0,0,2,0
6149,"ORF1ab",1962,2,2,0,0,0,2,0
6144,"ORF1ab",1960,2,2,0,1,1,0,0
6135,"ORF1ab",1957,2,2,0,1,1,0,0
6101,"ORF1ab",1946,2,2,0,2,0,0,0
6078,"ORF1ab",1938,2,2,0,0,1,0,1
6026,"ORF1ab",1921,2,2,0,1,0,1,0
5980,"ORF1ab",1905,2,0,0,1,0,0,1
5944,"ORF1ab",1893,2,1,0,1,1,0,0
5919,"ORF1ab",1885,2,2,0,0,2,0,0
5833,"ORF1ab",1856,2,0,1,0,1,1,0
5826,"ORF1ab",1854,2,2,0,1,0,1,0
5810,"ORF1ab",1849,2,2,0,1,1,0,0
5796,"ORF1ab",1844,2,2,0,1,1,0,0
5746,"ORF1ab",1827,2,0,1,1,1,0,0
5736,"ORF1ab",1824,2,2,0,1,0,0,1
5730,"ORF1ab",1822,2,2,0,1,0,0,1
5717,"ORF1ab",1818,2,2,0,0,2,0,0
5708,"ORF1ab",1815,2,2,0,0,1,0,1
5700,"ORF1ab",1812,2,2,0,0,2,0,0
5690,"ORF1ab",1809,2,2,0,0,2,0,0
5655,"ORF1ab",1797,2,2,0,1,1,0,0
5651,"ORF1ab",1796,2,2,0,2,0,0,0
5614,"ORF1ab",1783,2,0,0,1,0,0,1
5556,"ORF1ab",1764,2,2,0,0,2,0,0
5539,"ORF1ab",1758,2,1,0,0,1,0,1
5536,"ORF1ab",1757,2,1,0,1,1,0,0
5517,"ORF1ab",1751,2,2,0,0,2,0,0
5512,"ORF1ab",1749,2,0,0,0,0,1,1
5465,"ORF1ab",1734,2,2,1,0,1,1,0
5433,"ORF1ab",1723,2,2,1,1,1,0,0
5338,"ORF1ab",1691,2,0,0,1,1,0,0
5324,"ORF1ab",1687,2,2,0,2,0,0,0
5199,"ORF1ab",1645,2,2,0,0,1,1,0
5182,"ORF1ab",1639,2,1,0,2,0,0,0
5175,"ORF1ab",1637,2,2,0,0,1,1,0
5158,"ORF1ab",1631,2,0,0,1,1,0,0
5152,"ORF1ab",1629,2,0,0,0,1,1,0
5144,"ORF1ab",1627,2,0,1,0,0,1,1
5127,"ORF1ab",1621,2,2,0,0,1,1,0
5115,"ORF1ab",1617,2,2,0,0,2,0,0
5092,"ORF1ab",1609,2,0,0,1,0,0,1
5079,"ORF1ab",1605,2,2,0,0,1,1,0
5023,"ORF1ab",1586,2,2,0,1,1,0,0
5001,"ORF1ab",1579,2,2,0,0,2,0,0
4994,"ORF1ab",1577,2,2,0,0,0,2,0
4993,"ORF1ab",1576,2,0,0,0,0,2,0
4982,"ORF1ab",1573,2,2,0,1,1,0,0
4961,"ORF1ab",1566,2,2,0,0,2,0,0
4950,"ORF1ab",1562,2,2,0,1,1,0,0
4923,"ORF1ab",1553,2,2,0,1,1,0,0
4917,"ORF1ab",1551,2,2,0,1,0,0,1
4900,"ORF1ab",1545,2,0,0,1,0,1,0
4846,"ORF1ab",1527,2,1,0,0,2,0,0
4834,"ORF1ab",1523,2,0,0,0,1,1,0
4788,"ORF1ab",1508,2,2,0,0,1,0,1
4728,"ORF1ab",1488,2,2,0,1,1,0,0
4720,"ORF1ab",1485,2,0,0,0,0,2,0
4665,"ORF1ab",1467,2,2,0,0,1,1,0
4658,"ORF1ab",1465,2,2,0,2,0,0,0
4645,"ORF1ab",1460,2,1,0,1,1,0,0
4631,"ORF1ab",1456,2,2,0,1,1,0,0
4535,"ORF1ab",1424,2,2,0,0,2,0,0
4507,"ORF1ab",1414,2,0,0,0,2,0,0
4504,"ORF1ab",1413,2,0,0,1,0,1,0
4497,"ORF1ab",1411,2,2,0,1,1,0,0
4485,"ORF1ab",1407,2,2,0,0,1,0,1
4408,"ORF1ab",1381,2,2,0,0,2,0,0
4399,"ORF1ab",1378,2,2,0,0,1,1,0
4370,"ORF1ab",1369,2,2,0,0,1,0,1
4356,"ORF1ab",1364,2,2,0,0,1,0,1
4355,"ORF1ab",1364,2,2,0,2,0,0,0
4331,"ORF1ab",1356,2,0,1,0,1,1,0
4290,"ORF1ab",1342,2,2,0,0,0,0,2
4255,"ORF1ab",1330,2,0,0,0,1,0,1
4222,"ORF1ab",1319,2,0,0,0,1,0,1
4189,"ORF1ab",1308,2,0,0,0,0,1,1
4186,"ORF1ab",1307,2,0,1,1,0,1,0
4124,"ORF1ab",1287,2,2,0,1,0,1,0
4118,"ORF1ab",1285,2,2,0,1,0,1,0
4112,"ORF1ab",1283,2,2,0,0,1,1,0
4108,"ORF1ab",1281,2,0,0,0,1,1,0
4095,"ORF1ab",1277,2,2,0,0,0,0,2
4094,"ORF1ab",1277,2,2,0,2,0,0,0
4084,"ORF1ab",1273,2,0,0,2,0,0,0
4006,"ORF1ab",1247,2,1,0,0,1,1,0
4002,"ORF1ab",1246,2,2,0,0,0,2,0
3982,"ORF1ab",1239,2,0,0,0,2,0,0
3960,"ORF1ab",1232,2,2,0,1,1,0,0
3952,"ORF1ab",1229,2,0,0,1,1,0,0
3895,"ORF1ab",1210,2,1,0,1,1,0,0
3870,"ORF1ab",1202,2,2,0,0,2,0,0
3768,"ORF1ab",1168,2,2,0,0,2,0,0
3714,"ORF1ab",1150,2,2,0,0,1,0,1
3707,"ORF1ab",1148,2,0,0,0,2,0,0
3687,"ORF1ab",1141,2,2,0,2,0,0,0
3631,"ORF1ab",1122,2,0,0,1,1,0,0
3569,"ORF1ab",1102,2,2,0,2,0,0,0
3428,"ORF1ab",1055,2,2,0,0,0,0,2
3412,"ORF1ab",1049,2,0,0,1,1,0,0
3410,"ORF1ab",1049,2,2,0,0,1,0,1
3394,"ORF1ab",1043,2,0,0,0,2,0,0
3388,"ORF1ab",1041,2,0,0,0,2,0,0
3336,"ORF1ab",1024,2,2,0,0,0,2,0
3333,"ORF1ab",1023,2,2,0,1,1,0,0
3299,"ORF1ab",1012,2,1,0,0,1,0,1
3216,"ORF1ab",984,2,2,0,0,1,1,0
3196,"ORF1ab",977,2,2,0,1,1,0,0
3176,"ORF1ab",971,2,2,0,1,1,0,0
3071,"ORF1ab",936,2,2,0,0,2,0,0
3024,"ORF1ab",920,2,2,0,1,1,0,0
3022,"ORF1ab",919,2,0,0,2,0,0,0
3007,"ORF1ab",914,2,0,0,0,1,1,0
2964,"ORF1ab",900,2,2,0,0,2,0,0
2921,"ORF1ab",886,2,2,0,1,1,0,0
2914,"ORF1ab",883,2,1,0,2,0,0,0
2911,"ORF1ab",882,2,0,0,2,0,0,0
2860,"ORF1ab",865,2,0,0,0,2,0,0
2858,"ORF1ab",865,2,2,0,1,1,0,0
2830,"ORF1ab",855,2,2,0,0,2,0,0
2821,"ORF1ab",852,2,0,0,1,1,0,0
2791,"ORF1ab",842,2,0,0,1,1,0,0
2763,"ORF1ab",833,2,2,0,2,0,0,0
2748,"ORF1ab",828,2,2,0,1,1,0,0
2746,"ORF1ab",827,2,1,0,1,1,0,0
2695,"ORF1ab",810,2,0,0,1,1,0,0
2686,"ORF1ab",807,2,2,0,0,2,0,0
2632,"ORF1ab",789,2,2,0,0,2,0,0
2536,"ORF1ab",757,2,0,0,1,1,0,0
2485,"ORF1ab",740,2,0,0,1,1,0,0
2476,"ORF1ab",737,2,0,0,0,1,0,1
2472,"ORF1ab",736,2,2,0,1,1,0,0
2467,"ORF1ab",734,2,1,0,1,1,0,0
2446,"ORF1ab",727,2,0,0,0,2,0,0
2435,"ORF1ab",724,2,2,0,1,0,1,0
2412,"ORF1ab",716,2,2,0,0,2,0,0
2335,"ORF1ab",690,2,0,0,2,0,0,0
2293,"ORF1ab",676,2,2,0,0,0,2,0
2271,"ORF1ab",669,2,2,0,1,1,0,0
2268,"ORF1ab",668,2,2,0,0,2,0,0
2236,"ORF1ab",657,2,1,0,0,1,0,1
2233,"ORF1ab",656,2,0,0,0,2,0,0
2232,"ORF1ab",656,2,2,0,0,2,0,0
2229,"ORF1ab",655,2,2,0,0,1,1,0
2214,"ORF1ab",650,2,2,0,1,0,1,0
2190,"ORF1ab",642,2,2,0,1,1,0,0
2158,"ORF1ab",631,2,0,0,0,2,0,0
2157,"ORF1ab",631,2,2,0,1,1,0,0
2130,"ORF1ab",622,2,2,0,1,0,0,1
2110,"ORF1ab",615,2,0,0,0,1,1,0
2106,"ORF1ab",614,2,2,0,1,0,1,0
2033,"ORF1ab",590,2,0,0,1,0,0,1
1996,"ORF1ab",577,2,0,0,0,0,0,2
1993,"ORF1ab",576,2,0,0,1,1,0,0
1981,"ORF1ab",572,2,0,0,2,0,0,0
1979,"ORF1ab",572,2,2,0,0,2,0,0
1944,"ORF1ab",560,2,2,0,1,1,0,0
1930,"ORF1ab",555,2,0,0,1,1,0,0
1926,"ORF1ab",554,2,2,0,0,2,0,0
1911,"ORF1ab",549,2,2,1,0,1,1,0
1910,"ORF1ab",549,2,2,0,1,1,0,0
1909,"ORF1ab",548,2,0,0,0,0,2,0
1898,"ORF1ab",545,2,1,1,1,0,1,0
1893,"ORF1ab",543,2,2,0,0,2,0,0
1884,"ORF1ab",540,2,2,0,1,1,0,0
1873,"ORF1ab",536,2,0,0,0,2,0,0
1820,"ORF1ab",519,2,2,0,0,0,2,0
1805,"ORF1ab",514,2,2,0,0,2,0,0
1804,"ORF1ab",513,2,0,0,0,2,0,0
1736,"ORF1ab",491,2,2,0,1,1,0,0
1719,"ORF1ab",485,2,2,0,0,0,2,0
1683,"ORF1ab",473,2,2,0,0,0,0,2
1662,"ORF1ab",466,2,2,0,2,0,0,0
1627,"ORF1ab",454,2,0,0,0,2,0,0
1614,"ORF1ab",450,2,2,0,0,2,0,0
1607,"ORF1ab",448,2,2,0,0,0,2,0
1606,"ORF1ab",447,2,0,2,0,0,2,0
1585,"ORF1ab",440,2,0,0,2,0,0,0
1584,"ORF1ab",440,2,2,0,2,0,0,0
1583,"ORF1ab",440,2,2,0,1,1,0,0
1582,"ORF1ab",439,2,0,0,1,1,0,0
1521,"ORF1ab",419,2,2,0,0,0,1,1
1494,"ORF1ab",410,2,2,0,1,0,0,1
1459,"ORF1ab",398,2,0,0,1,1,0,0
1458,"ORF1ab",398,2,2,0,0,1,1,0
1427,"ORF1ab",388,2,2,0,0,1,1,0
1424,"ORF1ab",387,2,2,1,2,0,0,0
1404,"ORF1ab",380,2,2,1,1,0,1,0
1400,"ORF1ab",379,2,2,0,0,2,0,0
1395,"ORF1ab",377,2,2,0,0,2,0,0
1326,"ORF1ab",354,2,2,0,1,1,0,0
1267,"ORF1ab",334,2,0,0,0,2,0,0
1238,"ORF1ab",325,2,2,0,0,0,2,0
1230,"ORF1ab",322,2,2,0,1,1,0,0
1113,"ORF1ab",283,2,2,0,0,2,0,0
1057,"ORF1ab",264,2,0,0,1,1,0,0
1001,"ORF1ab",246,2,2,0,1,1,0,0
905,"ORF1ab",214,2,2,0,0,1,1,0
897,"ORF1ab",211,2,2,0,1,0,0,1
869,"ORF1ab",202,2,2,0,0,1,1,0
867,"ORF1ab",201,2,2,0,1,1,0,0
865,"ORF1ab",200,2,1,0,0,2,0,0
845,"ORF1ab",194,2,2,0,1,0,1,0
835,"ORF1ab",190,2,1,0,1,0,1,0
818,"ORF1ab",185,2,2,0,0,0,2,0
786,"ORF1ab",174,2,2,0,1,1,0,0
770,"ORF1ab",169,2,2,0,0,1,1,0
748,"ORF1ab",161,2,2,0,0,2,0,0
746,"ORF1ab",161,2,2,0,0,2,0,0
742,"ORF1ab",159,2,0,0,1,1,0,0
737,"ORF1ab",158,2,2,0,1,1,0,0
736,"ORF1ab",157,2,0,0,1,1,0,0
734,"ORF1ab",157,2,2,0,0,2,0,0
713,"ORF1ab",150,2,2,0,1,1,0,0
673,"ORF1ab",136,2,0,0,0,1,1,0
651,"ORF1ab",129,2,2,0,1,1,0,0
650,"ORF1ab",129,2,2,0,0,2,0,0
634,"ORF1ab",123,2,0,0,1,1,0,0
614,"ORF1ab",117,2,2,0,0,2,0,0
593,"ORF1ab",110,2,2,0,0,0,2,0
583,"ORF1ab",106,2,0,1,0,2,0,0
574,"ORF1ab",103,2,0,0,1,0,0,1
566,"ORF1ab",101,2,2,0,1,1,0,0
562,"ORF1ab",99,2,0,0,2,0,0,0
549,"ORF1ab",95,2,2,0,0,2,0,0
527,"ORF1ab",88,2,0,0,0,1,1,0
524,"ORF1ab",87,2,2,0,1,1,0,0
511,"ORF1ab",82,2,0,0,1,1,0,0
510,"ORF1ab",82,2,2,0,2,0,0,0
487,"ORF1ab",74,2,0,0,0,2,0,0
456,"ORF1ab",64,2,2,0,0,1,0,1
454,"ORF1ab",63,2,1,0,1,0,0,1
422,"ORF1ab",53,2,0,0,1,1,0,0
378,"ORF1ab",38,2,2,0,0,0,0,2
355,"ORF1ab",30,2,0,0,0,0,2,0
347,"ORF1ab",28,2,2,0,0,0,2,0
344,"ORF1ab",27,2,2,0,1,1,0,0
333,"ORF1ab",23,2,2,0,1,1,0,0
300,"ORF1ab",12,2,2,0,0,0,1,1
294,"ORF1ab",10,2,2,0,1,1,0,0
280,"ORF1ab",5,2,0,0,0,1,1,0
201,"5'UTR",67,2,0,0,0,1,1,0
174,"5'UTR",58,2,0,0,1,1,0,0
106,"5'UTR",36,2,0,0,0,0,2,0
82,"5'UTR",28,2,0,1,1,1,0,0
72,"5'UTR",24,2,0,0,0,2,0,0
62,"5'UTR",21,2,0,0,0,2,0,0
55,"5'UTR",19,2,0,0,0,2,0,0
36,"5'UTR",12,2,0,0,1,1,0,0
