reference_position,region,codon,nuc_gene_pos,aa_gene_pos,n_samples,n_nonSynon,n_notPopConsensus,n_SNPs,homoplasy,maf_median,maf_IQR
11,5'UTR,NA,11,4,1,0,0,1,-,0.388133498,0
13,5'UTR,NA,13,5,3,0,3,4,TRUE,0.054017444,0.047244615
14,5'UTR,NA,14,5,4,0,4,0,-,0.039939174,0.010912832
20,5'UTR,NA,20,7,2,0,2,0,-,0.130886051,0.203140179
21,5'UTR,NA,21,7,8,0,8,10,TRUE,0.035714286,0.04280217
32,5'UTR,NA,32,11,1,0,1,0,-,0.030765522,0.009521588
36,5'UTR,NA,36,12,3,0,3,0,-,0.125894134,0.127933428
40,5'UTR,NA,40,14,1,0,1,0,-,0.028983587,0.002921302
42,5'UTR,NA,42,14,1,0,1,0,-,0.022556391,0
45,5'UTR,NA,45,15,1,0,1,0,-,0.026969697,0.006320346
47,5'UTR,NA,47,16,2,0,2,0,-,0.036531284,0.001261757
75,5'UTR,NA,75,25,13,0,13,0,-,0.034242504,0.036668627
76,5'UTR,NA,76,26,3,0,3,0,-,0.033761642,0.045395191
87,5'UTR,NA,87,29,2,0,2,0,-,0.049689441,0
109,5'UTR,NA,109,37,3,0,3,0,-,0.03016653,0.010394485
126,5'UTR,NA,126,42,2,0,2,0,-,0.023809524,0.009174687
127,5'UTR,NA,127,43,2,0,2,0,-,0.044303797,0
134,5'UTR,NA,134,45,1,0,1,0,-,0.023178808,0
162,5'UTR,NA,162,54,1,0,1,0,-,0.039393939,0
186,5'UTR,NA,186,62,3,0,3,0,-,0.03039759,0.021627971
203,5'UTR,NA,203,68,2,0,2,1,-,0.099905405,0.078189189
217,5'UTR,NA,217,73,2,0,2,0,-,0.055048007,0.0041897
229,5'UTR,NA,229,77,2,0,2,0,-,0.037558685,0.014491064
232,5'UTR,NA,232,78,8,0,8,0,-,0.02299908,0.005593898
235,5'UTR,NA,235,79,4,0,4,0,-,0.024154589,0.005347809
238,5'UTR,NA,238,80,42,0,42,0,-,0.024749004,0.007594417
239,5'UTR,NA,239,80,44,0,44,0,-,0.025514273,0.006775556
241,5'UTR,NA,241,81,4,0,3,108,-,0.024390244,0.029375
246,5'UTR,NA,246,82,3,0,3,0,-,0.070630176,0.085154742
292,ORF1ab,3,27,9,1,0,1,0,-,0.021390374,0.09221563
346,ORF1ab,3,81,27,2,0,2,0,-,0.031753383,0.182804022
356,ORF1ab,1,91,31,39,39,39,0,-,0.024345794,0.006927263
357,ORF1ab,2,92,31,57,57,57,0,-,0.024377857,0.006606193
369,ORF1ab,2,104,35,17,17,17,0,-,0.024093904,0.005305647
376,ORF1ab,3,111,37,1,1,1,0,-,0.033168531,0.026136057
502,ORF1ab,3,237,79,1,0,1,0,-,0.060121755,0.06083757
558,ORF1ab,2,293,98,3,3,3,0,-,0.029527223,0.117585095
583,ORF1ab,3,318,106,3,0,1,2,-,0.113008677,0.067530653
587,ORF1ab,1,322,108,6,6,6,0,-,0.033900097,0.095807021
592,ORF1ab,3,327,109,2,0,2,0,-,0.174335744,0.296315467
635,ORF1ab,1,370,124,12,12,12,0,-,0.059594405,0.058717962
683,ORF1ab,1,418,140,5,0,5,0,-,0.047320496,0.035502466
721,ORF1ab,3,456,152,1,0,1,0,-,0.252237592,0
958,ORF1ab,3,693,231,2,0,2,0,-,0.127692999,0.17327456
1059,ORF1ab,2,794,265,2,2,1,50,-,0.093764271,0.237638036
1108,ORF1ab,3,843,281,3,0,3,0,-,0.047391858,0.025354625
1122,ORF1ab,2,857,286,4,4,4,0,-,0.027640037,0.022631599
1191,ORF1ab,2,926,309,3,3,3,1,-,0.064982272,0.032403568
1216,ORF1ab,3,951,317,1,0,1,0,-,0.120485994,0
1226,ORF1ab,1,961,321,11,11,11,0,-,0.031886608,0.04196378
1284,ORF1ab,2,1019,340,3,3,3,0,-,0.034134008,0.095353045
1358,ORF1ab,1,1093,365,3,3,3,0,-,0.029626508,0.007575717
1426,ORF1ab,3,1161,387,2,0,2,0,-,0.149521199,0.000431287
1515,ORF1ab,2,1250,417,3,3,1,24,-,0.098722881,0.238332243
1600,ORF1ab,3,1335,445,1,0,0,1,-,0.172592064,0.291879224
1614,ORF1ab,2,1349,450,4,4,4,0,-,0.148288973,0.20560993
1615,ORF1ab,3,1350,450,3,0,3,0,-,0.047008547,0.021074627
1627,ORF1ab,3,1362,454,2,0,2,1,-,0.074235586,0.072384214
1774,ORF1ab,3,1509,503,2,0,2,0,-,0.028409091,0.007754937
1809,ORF1ab,2,1544,515,2,2,2,0,-,0.053639437,0.016853341
1912,ORF1ab,3,1647,549,4,0,4,13,-,0.091210614,0.131531907
1979,ORF1ab,1,1714,572,2,2,2,0,-,0.157053853,0.075840558
1992,ORF1ab,2,1727,576,2,2,2,0,-,0.061151079,0
1993,ORF1ab,3,1728,576,6,0,6,0,-,0.050847458,0.029642024
2110,ORF1ab,3,1845,615,2,0,2,1,-,0.043668122,0.042741671
2142,ORF1ab,2,1877,626,2,2,2,13,-,0.030836631,0.020293951
2149,ORF1ab,3,1884,628,3,0,3,0,-,0.080906149,0.133051957
2150,ORF1ab,1,1885,629,2,2,2,0,-,0.105428571,0
2164,ORF1ab,3,1899,633,2,1,2,5,-,0.057984353,0
2217,ORF1ab,2,1952,651,2,2,1,1,-,0.1542961,0.241700308
2292,ORF1ab,2,2027,676,1,1,0,0,-,0.023255814,0
2334,ORF1ab,2,2069,690,6,6,6,0,-,0.026898734,0.03582905
2370,ORF1ab,2,2105,702,3,3,2,1,-,0.101123596,0.237635241
2460,ORF1ab,2,2195,732,2,2,2,0,-,0.058402362,0.024040346
2469,ORF1ab,2,2204,735,3,3,3,0,-,0.039465664,0.125748808
2536,ORF1ab,3,2271,757,4,0,4,0,-,0.031156955,0.022909175
2585,ORF1ab,1,2320,774,3,3,3,1,-,0.035883222,0.1099728
2607,ORF1ab,2,2342,781,1,1,1,0,-,0.029875519,0.005545574
2623,ORF1ab,3,2358,786,4,0,4,0,-,0.044006008,0.111799898
3019,ORF1ab,3,2754,918,2,0,2,0,-,0.037478705,0.194928382
3037,ORF1ab,3,2772,924,1,0,0,120,-,0.328091873,0
3067,ORF1ab,3,2802,934,2,0,1,1,-,0.206852553,0.237234518
3231,ORF1ab,2,2966,989,5,5,5,3,-,0.03410596,0.04353512
3311,ORF1ab,1,3046,1016,1,1,0,2,TRUE,0.177616354,0.314234491
3356,ORF1ab,1,3091,1031,4,4,4,0,-,0.035480075,0.021375912
3396,ORF1ab,2,3131,1044,1,1,1,0,-,0.104019732,0
3505,ORF1ab,3,3240,1080,1,0,1,0,-,0.044058205,0
3634,ORF1ab,3,3369,1123,2,0,2,0,-,0.212353363,0.233888916
3675,ORF1ab,2,3410,1137,2,2,2,0,-,0.051118211,0
3755,ORF1ab,1,3490,1164,5,5,5,0,-,0.035928445,0.014709031
3817,ORF1ab,3,3552,1184,4,1,4,0,-,0.033902836,0.131304339
3896,ORF1ab,1,3631,1211,2,2,2,0,-,0.159989056,0.244124453
3938,ORF1ab,1,3673,1225,1,1,1,0,-,0.028351832,0.01396068
4248,ORF1ab,2,3983,1328,2,2,2,0,-,0.125230467,0.186513856
4276,ORF1ab,3,4011,1337,3,0,3,0,-,0.062093595,0.135160704
4296,ORF1ab,2,4031,1344,1,1,1,0,-,0.220595182,0
4300,ORF1ab,3,4035,1345,2,0,2,0,-,0.051034373,0.055510042
4348,ORF1ab,3,4083,1361,4,0,4,0,-,0.032924522,0.006526869
4399,ORF1ab,3,4134,1378,6,6,6,0,-,0.043159072,0.041075147
4432,ORF1ab,3,4167,1389,1,1,1,0,-,0.077947201,0.112883649
4444,ORF1ab,3,4179,1393,4,0,3,0,-,0.264150943,0.240943971
4510,ORF1ab,3,4245,1415,2,0,2,0,-,0.04136253,0.010813265
4545,ORF1ab,2,4280,1427,1,1,1,0,-,0.030425963,0
4579,ORF1ab,3,4314,1438,2,0,2,0,-,0.026865672,0.03255814
4683,ORF1ab,2,4418,1473,3,3,3,0,-,0.043991907,0.03824524
4783,ORF1ab,3,4518,1506,1,0,1,0,-,0.028610354,0.007903725
4815,ORF1ab,2,4550,1517,2,2,2,0,-,0.042448309,0.053624828
4821,ORF1ab,2,4556,1519,2,2,2,0,-,0.161864745,0.191861357
4901,ORF1ab,1,4636,1546,3,2,3,0,-,0.031358885,0
4917,ORF1ab,2,4652,1551,1,1,1,0,-,0.145434812,0
5029,ORF1ab,3,4764,1588,2,2,2,0,-,0.042529989,0
5192,ORF1ab,1,4927,1643,2,0,2,0,-,0.034781771,0.02413192
5497,ORF1ab,3,5232,1744,3,0,3,0,-,0.029585799,0.018767986
5513,ORF1ab,1,5248,1750,4,4,4,0,-,0.035985767,0.132042626
5526,ORF1ab,2,5261,1754,4,4,4,1,-,0.086653482,0.101634522
5554,ORF1ab,3,5289,1763,4,3,3,2,-,0.074625981,0.21717115
5556,ORF1ab,2,5291,1764,2,2,2,0,-,0.048675293,0
5694,ORF1ab,2,5429,1810,4,4,4,1,-,0.033562263,0.00329801
5884,ORF1ab,3,5619,1873,4,0,4,1,-,0.050966608,0.054468723
5953,ORF1ab,3,5688,1896,2,0,2,0,-,0.060752791,0.047976171
6026,ORF1ab,1,5761,1921,5,5,4,2,TRUE,0.069996204,0.139554454
6031,ORF1ab,3,5766,1922,3,0,3,0,-,0.043634084,0.114155365
6070,ORF1ab,3,5805,1935,2,0,2,0,-,0.196844584,0.254006627
6320,ORF1ab,1,6055,2019,2,2,2,0,-,0.060534792,0.054361451
6352,ORF1ab,3,6087,2029,3,3,3,0,-,0.031917476,0.140740114
6401,ORF1ab,1,6136,2046,1,1,1,0,-,0.108168894,0.162574347
6609,ORF1ab,2,6344,2115,2,2,2,1,-,0.024960294,0.006512965
6617,ORF1ab,1,6352,2118,3,3,3,0,-,0.050816697,0.064332567
6670,ORF1ab,3,6405,2135,1,1,1,0,-,0.025714286,0.003884322
6671,ORF1ab,1,6406,2136,1,1,1,0,-,0.21679357,0
6781,ORF1ab,3,6516,2172,2,0,2,0,-,0.024193548,0.005144956
6787,ORF1ab,3,6522,2174,2,0,2,0,-,0.033729592,0.03138885
6803,ORF1ab,1,6538,2180,2,2,2,0,-,0.046521534,0.023461787
6906,ORF1ab,2,6641,2214,2,2,2,0,-,0.047202217,0.02469934
6958,ORF1ab,3,6693,2231,3,2,3,0,-,0.030599235,0.004256392
7164,ORF1ab,2,6899,2300,1,1,1,10,-,0.020602219,0.002395328
7299,ORF1ab,2,7034,2345,2,2,2,0,-,0.108744009,0.013784315
7303,ORF1ab,3,7038,2346,2,0,2,0,-,0.114576189,0.008135757
7393,ORF1ab,3,7128,2376,2,0,2,0,-,0.028753994,0.081371753
7420,ORF1ab,3,7155,2385,4,0,4,0,-,0.128150146,0.188735832
7764,ORF1ab,2,7499,2500,3,3,3,10,-,0.040516756,0.030407928
7798,ORF1ab,3,7533,2511,3,2,3,1,-,0.177966102,0.132649593
7998,ORF1ab,2,7733,2578,1,1,1,0,-,0.032161106,0
7999,ORF1ab,3,7734,2578,2,0,2,0,-,0.035087719,0.013049063
8116,ORF1ab,3,7851,2617,3,1,3,0,-,0.076923077,0.069016138
8121,ORF1ab,2,7856,2619,1,1,0,1,-,0.095057604,0.147258064
8196,ORF1ab,2,7931,2644,4,4,4,0,-,0.105492929,0.280935643
8240,ORF1ab,1,7975,2659,1,1,1,0,-,0.050281312,0
8247,ORF1ab,2,7982,2661,3,3,3,0,-,0.061673417,0.054357288
8299,ORF1ab,3,8034,2678,1,0,1,0,-,0.079556628,0
8318,ORF1ab,1,8053,2685,2,2,2,0,-,0.05813,0.028705278
8518,ORF1ab,3,8253,2751,1,0,1,0,-,0.040509259,0
8532,ORF1ab,2,8267,2756,1,1,1,0,-,0.046951647,0
8560,ORF1ab,3,8295,2765,4,1,4,0,-,0.065247253,0.059981685
8569,ORF1ab,3,8304,2768,8,8,8,1,-,0.024195693,0.006030774
8578,ORF1ab,3,8313,2771,4,0,4,0,-,0.022653959,0.000387226
8585,ORF1ab,1,8320,2774,1,1,1,0,-,0.040540541,0
8587,ORF1ab,3,8322,2774,2,0,2,0,-,0.038973088,0.001699842
8645,ORF1ab,1,8380,2794,3,3,3,1,-,0.051507615,0.015658417
8692,ORF1ab,3,8427,2809,3,1,2,1,-,0.2325988,0.061836255
8837,ORF1ab,1,8572,2858,1,1,1,0,-,0.032369804,0
8840,ORF1ab,1,8575,2859,1,1,1,0,-,0.185419968,0
8921,ORF1ab,1,8656,2886,2,2,2,0,-,0.029220236,0.013747734
8950,ORF1ab,3,8685,2895,4,0,4,0,-,0.059535722,0.040573632
9006,ORF1ab,2,8741,2914,8,8,8,0,-,0.024650915,0.007988063
9170,ORF1ab,1,8905,2969,3,3,3,0,-,0.106687915,0.117631149
9190,ORF1ab,3,8925,2975,4,0,4,0,-,0.057469823,0.030409056
9223,ORF1ab,3,8958,2986,4,0,2,24,-,0.131108381,0.15324688
9246,ORF1ab,2,8981,2994,3,3,3,2,-,0.052514812,0.10246013
9430,ORF1ab,3,9165,3055,5,0,4,9,TRUE,0.048475247,0.355834727
9436,ORF1ab,3,9171,3057,1,0,0,3,-,0.37086514,0
9467,ORF1ab,1,9202,3068,2,2,2,0,-,0.032727273,0
9475,ORF1ab,3,9210,3070,6,0,6,0,-,0.03016925,0.015502585
9476,ORF1ab,1,9211,3071,6,6,6,0,-,0.023819163,0.006946318
9485,ORF1ab,1,9220,3074,3,3,3,0,-,0.038095238,0.012318595
9491,ORF1ab,1,9226,3076,2,2,2,1,-,0.057803468,0.310254413
9569,ORF1ab,1,9304,3102,2,2,2,1,-,0.023255814,0.02767779
9588,ORF1ab,2,9323,3108,2,2,1,1,-,0.022813908,0.003391791
9630,ORF1ab,2,9365,3122,1,1,1,0,-,0.264492754,0
9634,ORF1ab,3,9369,3123,4,4,4,0,-,0.054540475,0.063240346
9700,ORF1ab,3,9435,3145,1,0,1,0,-,0.045857988,0
9724,ORF1ab,3,9459,3153,1,0,1,2,-,0.074796787,0.09442116
9734,ORF1ab,1,9469,3157,3,3,3,0,-,0.042539844,0.016114171
9737,ORF1ab,1,9472,3158,2,2,2,0,-,0.048780488,0.045556663
9793,ORF1ab,3,9528,3176,1,0,1,0,-,0.05536782,0.053358592
9796,ORF1ab,3,9531,3177,1,0,1,0,-,0.08184765,0
9931,ORF1ab,3,9666,3222,2,1,1,1,-,0.024390244,0.008645096
10028,ORF1ab,1,9763,3255,1,1,1,0,-,0.026548673,0.006582857
10138,ORF1ab,3,9873,3291,3,0,3,0,-,0.047984645,0.056574616
10255,ORF1ab,3,9990,3330,3,3,3,0,-,0.137578396,0.126056536
10277,ORF1ab,1,10012,3338,2,2,1,13,-,0.056921087,0
10318,ORF1ab,3,10053,3351,1,1,1,0,-,0.095014154,0.133290719
10332,ORF1ab,2,10067,3356,7,7,7,0,-,0.03652968,0.042081151
10394,ORF1ab,1,10129,3377,2,2,2,0,-,0.048029763,0.051171745
10523,ORF1ab,1,10258,3420,1,1,1,0,-,0.03301923,0.014196713
10712,ORF1ab,1,10447,3483,3,3,3,0,-,0.084298584,0.149795656
10755,ORF1ab,2,10490,3497,2,2,2,0,-,0.052631579,0.085049711
10835,ORF1ab,1,10570,3524,1,1,1,0,-,0.046470646,0.048985249
11052,ORF1ab,2,10787,3596,18,18,18,0,-,0.023638057,0.004885138
11083,ORF1ab,3,10818,3606,46,46,43,116,TRUE,0.043668122,0.052250088
11087,ORF1ab,1,10822,3608,4,4,4,0,-,0.043640492,0.121482083
11136,ORF1ab,2,10871,3624,1,1,1,0,-,0.024872385,0.008507657
11335,ORF1ab,3,11070,3690,4,0,3,2,TRUE,0.032738095,0.119123968
11365,ORF1ab,3,11100,3700,3,0,3,0,-,0.057692308,0.08099945
11379,ORF1ab,2,11114,3705,3,3,3,6,-,0.033190717,0.016918658
11397,ORF1ab,2,11132,3711,3,3,3,0,-,0.033807953,0.014012346
11409,ORF1ab,2,11144,3715,5,5,5,0,-,0.034696174,0.027728411
11430,ORF1ab,2,11165,3722,1,1,1,0,-,0.228691445,0
11455,ORF1ab,3,11190,3730,1,0,1,0,-,0.038731279,0.020858785
11596,ORF1ab,3,11331,3777,4,3,4,0,-,0.161531713,0.165908336
11620,ORF1ab,3,11355,3785,3,0,3,0,-,0.053030303,0.067771327
11651,ORF1ab,1,11386,3796,3,3,3,0,-,0.033957845,0.211696538
11653,ORF1ab,3,11388,3796,3,0,2,3,TRUE,0.050797644,0.16506723
11700,ORF1ab,2,11435,3812,1,1,1,0,-,0.041313918,0
11728,ORF1ab,3,11463,3821,2,0,2,1,-,0.036363636,0.015092456
11758,ORF1ab,3,11493,3831,3,0,3,0,-,0.072072072,0.071400116
11903,ORF1ab,1,11638,3880,4,1,4,0,-,0.02811532,0.01210041
11916,ORF1ab,2,11651,3884,1,1,1,0,-,0.021892103,0.019292124
11917,ORF1ab,3,11652,3884,1,0,1,0,-,0.391769718,0
12116,ORF1ab,1,11851,3951,1,1,1,1,-,0.022268908,0
12183,ORF1ab,2,11918,3973,1,1,1,0,-,0.032613514,0
12191,ORF1ab,1,11926,3976,1,1,1,0,-,0.148390189,0
12242,ORF1ab,1,11977,3993,4,4,4,0,-,0.049686755,0.058088664
12295,ORF1ab,3,12030,4010,1,0,1,0,-,0.063117871,0
12439,ORF1ab,3,12174,4058,1,0,1,0,-,0.025477707,0.021835855
12514,ORF1ab,3,12249,4083,4,0,4,0,-,0.084394433,0.169213752
12724,ORF1ab,3,12459,4153,2,0,2,0,-,0.045966822,0.001643558
12765,ORF1ab,2,12500,4167,1,1,1,0,-,0.026041667,0
12784,ORF1ab,3,12519,4173,1,0,1,0,-,0.076643288,0.106894823
12910,ORF1ab,3,12645,4215,3,2,3,0,-,0.033023109,0.006350459
12911,ORF1ab,1,12646,4216,2,2,1,1,-,0.028776978,0.195630196
12955,ORF1ab,3,12690,4230,2,0,2,0,-,0.033007261,0.005131722
12995,ORF1ab,1,12730,4244,4,4,4,1,-,0.04519774,0.027217497
13038,ORF1ab,2,12773,4258,2,2,2,0,-,0.183964866,0.1595964
13095,ORF1ab,2,12830,4277,3,3,3,0,-,0.128712871,0.098684698
13303,ORF1ab,3,13038,4346,10,8,10,0,-,0.023283891,0.005369406
13326,ORF1ab,2,13061,4354,1,1,1,0,-,0.032763083,0
13554,ORF1ab,3,13289,4429,3,0,1,2,-,0.033309718,0.008862481
13571,ORF1ab,2,13306,4435,15,15,15,1,-,0.036999493,0.029479385
13683,ORF1ab,3,13418,4472,2,0,0,0,-,0.493013445,0.013081049
13821,ORF1ab,3,13556,4518,4,0,4,0,-,0.032613245,0.009190568
13860,ORF1ab,3,13595,4531,4,0,4,7,-,0.055837563,0.045685016
13921,ORF1ab,1,13656,4552,1,1,1,0,-,0.051619989,0
13971,ORF1ab,3,13706,4568,2,0,2,0,-,0.228903528,0.125910504
14074,ORF1ab,1,13809,4603,3,3,3,7,-,0.056899004,0.093528046
14134,ORF1ab,1,13869,4623,1,1,1,0,-,0.085547535,0.111571261
14367,ORF1ab,3,14102,4700,5,5,5,0,-,0.025316456,0.00696609
14407,ORF1ab,1,14142,4714,4,4,4,0,-,0.036764706,0.244562745
14408,ORF1ab,2,14143,4714,3,3,2,117,-,0.036036036,0.189941273
14472,ORF1ab,3,14207,4735,1,0,1,0,-,0.029038555,0
14531,ORF1ab,2,14266,4755,1,1,0,1,-,0.103618575,0.166968694
14602,ORF1ab,1,14337,4779,2,1,2,0,-,0.038961039,0
14766,ORF1ab,3,14501,4833,2,0,2,0,-,0.062517348,0.004498982
14786,ORF1ab,2,14521,4840,4,4,4,14,-,0.066729307,0.288411673
14805,ORF1ab,3,14540,4846,5,1,4,98,-,0.042828232,0.167536627
14820,ORF1ab,3,14555,4851,1,0,1,0,-,0.04653864,0
14829,ORF1ab,3,14564,4854,2,2,2,0,-,0.029239766,0.009473242
14874,ORF1ab,3,14609,4869,1,1,1,0,-,0.102494829,0.156531508
14877,ORF1ab,3,14612,4870,1,0,1,0,-,0.035545954,0.01846033
15009,ORF1ab,3,14744,4914,26,23,26,0,-,0.027271444,0.010467512
15018,ORF1ab,3,14753,4917,1,0,1,0,-,0.035589169,0.020985289
15051,ORF1ab,3,14786,4928,3,0,0,3,-,0.08231021,0.11547692
15251,ORF1ab,2,14986,4995,2,2,2,0,-,0.047766554,0.0135578
15252,ORF1ab,3,14987,4995,2,0,2,0,-,0.033621926,0.000552757
15372,ORF1ab,3,15107,5035,1,0,1,0,-,0.052343969,0.063871611
15381,ORF1ab,3,15116,5038,3,2,3,0,-,0.100157535,0.159148689
15469,ORF1ab,1,15204,5068,2,2,2,0,-,0.027428626,0.007245914
15474,ORF1ab,3,15209,5069,12,0,12,1,-,0.066638778,0.018511715
15502,ORF1ab,1,15237,5079,1,1,1,0,-,0.125804461,0
15510,ORF1ab,3,15245,5081,3,0,3,0,-,0.061177457,0.011464573
15754,ORF1ab,1,15489,5163,1,1,1,0,-,0.031262212,0
15773,ORF1ab,2,15508,5169,3,3,3,0,-,0.035896061,0.171884739
15907,ORF1ab,1,15642,5214,1,1,0,4,TRUE,0.170387852,0.285185834
15922,ORF1ab,1,15657,5219,2,2,2,0,-,0.205804562,0.252988434
15925,ORF1ab,1,15660,5220,3,3,3,0,-,0.047689282,0.021870919
15959,ORF1ab,2,15694,5231,7,7,7,0,-,0.028951285,0.036851852
16111,ORF1ab,1,15846,5282,1,0,1,0,-,0.024752475,0.01285848
16162,ORF1ab,1,15897,5299,1,1,1,0,-,0.175710931,0
16175,ORF1ab,2,15910,5303,2,2,2,0,-,0.033333333,0
16215,ORF1ab,3,15950,5316,4,0,4,1,-,0.058951965,0.12972545
16323,ORF1ab,3,16058,5352,3,1,3,0,-,0.040800616,0.039589874
16329,ORF1ab,3,16064,5354,4,1,4,2,-,0.035228785,0.172196073
16347,ORF1ab,3,16082,5360,1,0,1,0,-,0.027906977,0
16376,ORF1ab,2,16111,5370,2,2,2,1,-,0.27214653,0.296414905
16394,ORF1ab,2,16129,5376,5,5,5,0,-,0.100890208,0.102996623
16463,ORF1ab,2,16198,5399,1,1,1,0,-,0.041013269,0
16564,ORF1ab,1,16299,5433,1,1,1,0,-,0.025862069,0.06267116
16566,ORF1ab,3,16301,5433,4,0,4,0,-,0.189659294,0.302395511
16682,ORF1ab,2,16417,5472,1,1,0,1,-,0.026315789,0
16726,ORF1ab,1,16461,5487,5,5,5,0,-,0.039215686,0.097246864
16740,ORF1ab,3,16475,5491,38,38,38,0,-,0.023809524,0.006632866
16853,ORF1ab,2,16588,5529,1,1,1,0,-,0.107377714,0
16887,ORF1ab,3,16622,5540,9,1,9,0,-,0.040448136,0.118103603
16890,ORF1ab,3,16625,5541,2,1,2,0,-,0.034117805,0
16989,ORF1ab,3,16724,5574,2,0,2,0,-,0.029769665,0.184959539
17247,ORF1ab,3,16982,5660,1,0,0,41,-,0.362299135,0
17280,ORF1ab,3,17015,5671,1,0,1,2,-,0.034608798,0.010104296
17319,ORF1ab,3,17054,5684,1,0,1,0,-,0.034927536,0
17449,ORF1ab,1,17184,5728,1,0,1,0,-,0.025205712,0.008076681
17474,ORF1ab,2,17209,5736,1,1,1,1,-,0.031938563,0.018031854
17722,ORF1ab,1,17457,5819,3,3,3,0,-,0.070147901,0.082444563
17746,ORF1ab,1,17481,5827,2,2,2,0,-,0.033264746,0.010894751
17802,ORF1ab,3,17537,5845,1,0,1,0,-,0.288530904,0
17999,ORF1ab,2,17734,5911,3,3,3,1,-,0.040960328,0.217874683
18029,ORF1ab,2,17764,5921,1,1,1,0,-,0.027034426,0.038372705
18032,ORF1ab,2,17767,5922,3,3,3,0,-,0.063003605,0.051780528
18246,ORF1ab,3,17981,5993,1,0,1,0,-,0.082429754,0
18267,ORF1ab,3,18002,6000,2,0,2,0,-,0.054054054,0.133220444
18322,ORF1ab,1,18057,6019,3,3,1,3,-,0.144230769,0.011798331
18398,ORF1ab,2,18133,6044,2,2,2,100,-,0.061411536,0.005748357
18486,ORF1ab,3,18221,6073,2,0,2,0,-,0.226889,0.379555333
18498,ORF1ab,3,18233,6077,5,5,5,0,-,0.04173913,0.016226329
18526,ORF1ab,1,18261,6087,2,2,2,2,TRUE,0.027131783,0.024132993
18534,ORF1ab,3,18269,6089,2,0,2,0,-,0.040911938,0.017843898
18601,ORF1ab,1,18336,6112,4,4,4,0,-,0.029978355,0.035467804
18652,ORF1ab,1,18387,6129,1,1,1,0,-,0.080066225,0.116474633
18677,ORF1ab,2,18412,6137,4,4,4,0,-,0.025128866,0.025187138
18687,ORF1ab,3,18422,6140,2,0,2,0,-,0.08312663,0.001685671
18781,ORF1ab,1,18516,6172,2,2,2,1,-,0.038461538,0.157910472
18788,ORF1ab,2,18523,6174,1,1,1,3,-,0.029673591,0.181077879
18933,ORF1ab,3,18668,6222,3,2,3,0,-,0.067046266,0.051252295
18975,ORF1ab,3,18710,6236,1,0,1,0,-,0.028571429,0.004028491
18984,ORF1ab,3,18719,6239,4,4,4,1,-,0.032960709,0.017465143
19116,ORF1ab,3,18851,6283,1,0,1,0,-,0.021794872,0.000854701
19170,ORF1ab,3,18905,6301,3,0,3,28,-,0.04237185,0.138610734
19210,ORF1ab,1,18945,6315,10,9,10,0,-,0.027027027,0.012830761
19231,ORF1ab,1,18966,6322,3,3,3,0,-,0.045472425,0.038588829
19263,ORF1ab,3,18998,6332,1,0,1,0,-,0.077970297,0
19269,ORF1ab,3,19004,6334,6,0,5,2,-,0.051956815,0.08358128
19393,ORF1ab,1,19128,6376,35,35,35,0,-,0.023743017,0.005577267
19398,ORF1ab,3,19133,6377,2,1,1,1,-,0.027777778,0.003389402
19416,ORF1ab,3,19151,6383,1,0,1,0,-,0.023369983,0.004254117
19473,ORF1ab,3,19208,6402,12,12,12,0,-,0.022727273,0.006060864
19485,ORF1ab,3,19220,6406,1,0,1,0,-,0.229252986,0
19509,ORF1ab,3,19244,6414,3,0,3,30,-,0.072348842,0.211173049
19524,ORF1ab,3,19259,6419,5,0,5,0,-,0.071068939,0.366392511
19610,ORF1ab,2,19345,6448,3,3,3,0,-,0.02877907,0.01831006
19648,ORF1ab,1,19383,6461,2,2,2,0,-,0.204085452,0.288904848
19656,ORF1ab,3,19391,6463,2,2,1,1,-,0.023017903,0.051711828
19761,ORF1ab,3,19496,6498,2,0,2,0,-,0.026004728,0.012097724
19813,ORF1ab,1,19548,6516,1,1,0,1,-,0.169325614,0.295070235
19816,ORF1ab,1,19551,6517,1,1,1,0,-,0.071076695,0.083081659
19937,ORF1ab,2,19672,6557,24,24,24,0,-,0.028228755,0.012455391
19947,ORF1ab,3,19682,6560,2,2,1,1,-,0.073355718,0.141615811
19970,ORF1ab,2,19705,6568,1,1,1,0,-,0.025187931,0.045619398
20178,ORF1ab,3,19913,6637,4,0,4,3,-,0.038315148,0.083126433
20238,ORF1ab,3,19973,6657,2,1,2,0,-,0.065485698,0
20283,ORF1ab,3,20018,6672,1,0,1,0,-,0.141018365,0
20330,ORF1ab,2,20065,6688,1,1,1,0,-,0.104133226,0
20364,ORF1ab,3,20099,6699,89,1,89,0,-,0.042333505,0.030233615
20397,ORF1ab,3,20132,6710,3,2,3,0,-,0.318851115,0.053970172
20402,ORF1ab,2,20137,6712,3,3,3,0,-,0.036458333,0.13183901
20433,ORF1ab,3,20168,6722,2,2,2,0,-,0.170692432,0
20434,ORF1ab,1,20169,6723,1,1,1,0,-,0.024691358,0
20568,ORF1ab,3,20303,6767,2,2,2,0,-,0.03125,0.074236453
20619,ORF1ab,3,20354,6784,1,0,1,0,-,0.034168565,0
20709,ORF1ab,3,20444,6814,4,4,4,0,-,0.043498524,0.024314431
20796,ORF1ab,3,20531,6843,7,0,4,38,-,0.194331984,0.26586307
20949,ORF1ab,3,20684,6894,1,0,1,0,-,0.027522936,0
20989,ORF1ab,1,20724,6908,35,34,35,1,-,0.023554809,0.005868623
20993,ORF1ab,2,20728,6909,12,12,12,0,-,0.022799418,0.004321375
21123,ORF1ab,3,20858,6952,3,0,2,2,TRUE,0.166537333,0.248107345
21135,ORF1ab,3,20870,6956,2,0,2,0,-,0.039477858,0.011953376
21137,ORF1ab,2,20872,6957,5,5,5,3,TRUE,0.040268456,0.148310161
21141,ORF1ab,3,20876,6958,2,0,2,0,-,0.034734918,0.010116307
21161,ORF1ab,2,20896,6965,1,1,1,0,-,0.056128459,0.067637496
21302,ORF1ab,2,21037,7012,2,2,2,0,-,0.027111111,0.009777778
21304,ORF1ab,1,21039,7013,3,3,3,0,-,0.064454064,0.06343322
21305,ORF1ab,2,21040,7013,2,2,2,0,-,0.07741441,0.082577186
21365,ORF1ab,2,21100,7033,1,1,1,0,-,0.121318136,0
21575,S,1,13,5,14,14,14,8,TRUE,0.049890634,0.039514462
21597,S,2,35,12,5,5,5,8,-,0.13553719,0.174699961
21624,S,2,62,21,2,2,2,7,-,0.041310541,0.022136831
21627,S,2,65,22,4,4,4,0,-,0.042524752,0.035040808
21638,S,1,76,26,3,3,3,0,-,0.053003271,0.018287244
21691,S,3,129,43,1,0,1,1,-,0.033052367,0.010029967
21747,S,2,185,62,1,1,1,0,-,0.022727273,0.005106883
21811,S,3,249,83,1,0,1,1,-,0.092844677,0.14124491
21826,S,3,264,88,24,24,24,0,-,0.024922145,0.006888202
21846,S,2,284,95,5,5,5,1,-,0.163873371,0.130262465
22216,S,3,654,218,2,2,2,0,-,0.033613445,0.036213539
22232,S,1,670,224,2,2,2,0,-,0.058933686,0.030969992
22312,S,3,750,250,2,0,2,0,-,0.113056159,0.078120775
22335,S,2,773,258,5,5,5,0,-,0.038709677,0.017608405
22453,S,3,891,297,16,0,16,0,-,0.026159186,0.007803996
22591,S,3,1029,343,2,0,2,0,-,0.067416198,0.016086238
22672,S,3,1110,370,2,1,2,0,-,0.026118556,0.00606752
22708,S,3,1146,382,1,0,1,0,-,0.026501463,0.004139931
22747,S,3,1185,395,3,0,3,0,-,0.053588987,0.345921289
22899,S,2,1337,446,4,4,4,0,-,0.058589899,0.059734947
22993,S,3,1431,477,3,1,2,1,-,0.031802127,0.018218098
23230,S,3,1668,556,3,1,3,0,-,0.044444444,0.0164048
23329,S,3,1767,589,2,0,2,0,-,0.050460171,0
23403,S,2,1841,614,3,3,1,121,-,0.03142329,0.163740193
23430,S,2,1868,623,1,1,1,1,-,0.133286655,0.216986533
23435,S,1,1873,625,2,2,2,0,-,0.035644363,0.004540659
23634,S,2,2072,691,2,2,2,0,-,0.118446769,0.163515461
23712,S,2,2150,717,1,1,1,0,-,0.042864191,0
23744,S,1,2182,728,3,3,3,0,-,0.112343596,0.107532379
24010,S,3,2448,816,2,0,2,0,-,0.058458651,0.001244624
24022,S,3,2460,820,2,1,2,0,-,0.040610969,0
24023,S,1,2461,821,5,0,5,4,-,0.035820896,0.039593534
24194,S,1,2632,878,1,0,1,0,-,0.03059493,0
24198,S,2,2636,879,6,6,6,0,-,0.054600416,0.039712919
24204,S,2,2642,881,1,1,1,0,-,0.022900763,0.007700105
24213,S,2,2651,884,5,5,5,0,-,0.048389937,0.056797194
24223,S,3,2661,887,8,0,8,0,-,0.039548023,0.035990009
24393,S,2,2831,944,2,2,2,1,-,0.037650602,0.080136727
24535,S,3,2973,991,3,0,3,0,-,0.067657582,0
24592,S,3,3030,1010,2,0,2,0,-,0.04347033,0.004802459
24781,S,3,3219,1073,5,4,3,169,TRUE,0.19668982,0.208785739
24794,S,1,3232,1078,5,5,5,0,-,0.024793388,0.016035328
24893,S,1,3331,1111,1,1,1,4,-,0.030963072,0
24912,S,2,3350,1117,5,5,5,0,-,0.031949153,0.020938608
24921,S,2,3359,1120,2,2,2,0,-,0.075898125,0.05806987
24928,S,3,3366,1122,3,0,3,0,-,0.054497702,0.02462451
24933,S,2,3371,1124,10,10,9,0,-,0.026666667,0.016867519
25002,S,2,3440,1147,3,3,3,0,-,0.123692078,0.030027387
25047,S,2,3485,1162,3,3,3,0,-,0.089192892,0.109021623
25066,S,3,3504,1168,2,0,2,7,-,0.109379638,0.070744836
25164,S,2,3602,1201,2,2,2,0,-,0.026865672,0.005189486
25169,S,1,3607,1203,2,2,2,0,-,0.095972296,0.115441859
25249,S,3,3687,1229,4,4,4,0,-,0.027272727,0.089846407
25250,S,1,3688,1230,1,1,1,0,-,0.104724409,0
25343,S,1,3781,1261,3,3,3,1,-,0.033898305,0.028237662
25350,S,2,3788,1263,4,4,4,1,-,0.048712291,0.032217144
25376,S,1,3814,1272,2,2,2,0,-,0.038329906,0.01559111
25429,ORF3a,1,37,13,2,2,1,49,-,0.04119779,0.062731742
25437,ORF3a,3,45,15,1,1,1,0,-,0.033058573,0.022951679
25455,ORF3a,3,63,21,6,5,6,0,-,0.03030303,0.017297557
25469,ORF3a,2,77,26,5,5,5,0,-,0.046880148,0.065765567
25491,ORF3a,3,99,33,1,0,1,0,-,0.083218733,0.119378642
25500,ORF3a,3,108,36,1,0,1,0,-,0.030866965,0.016610204
25507,ORF3a,1,115,39,19,19,19,1,-,0.024390244,0.00792205
25522,ORF3a,1,130,44,3,3,3,0,-,0.061166008,0.062702648
25529,ORF3a,2,137,46,17,17,17,0,-,0.02313476,0.004283908
25532,ORF3a,2,140,47,46,46,46,0,-,0.024561407,0.006122123
25555,ORF3a,1,163,55,2,2,2,0,-,0.067824648,0.042773417
25563,ORF3a,3,171,57,3,3,2,71,-,0.068807339,0.23128542
25585,ORF3a,1,193,65,1,1,1,0,-,0.026081171,0.007717898
25621,ORF3a,1,229,77,3,3,3,0,-,0.02851711,0.05194379
25622,ORF3a,2,230,77,2,2,2,0,-,0.023408991,0.001569114
25623,ORF3a,3,231,77,2,0,2,0,-,0.037798374,0.011080619
25627,ORF3a,1,235,79,51,51,51,0,-,0.024018151,0.006254268
25628,ORF3a,2,236,79,118,118,118,0,-,0.02617398,0.007839949
25647,ORF3a,3,255,85,1,1,1,2,-,0.02994012,0.006942213
25699,ORF3a,1,307,103,1,1,1,0,-,0.078736731,0.109473463
25704,ORF3a,3,312,104,6,0,6,0,-,0.023364486,0.008909041
25731,ORF3a,3,339,113,1,0,0,1,-,0.366235363,0
25776,ORF3a,3,384,128,2,2,2,0,-,0.029350243,0.011363208
25785,ORF3a,3,393,131,2,2,1,4,TRUE,0.213871165,0.333759521
25807,ORF3a,1,415,139,95,94,95,0,-,0.025818355,0.006929151
25886,ORF3a,2,494,165,2,2,2,0,-,0.120261438,0.158387929
25979,ORF3a,2,587,196,1,1,1,2,-,0.025423729,0.107823176
25996,ORF3a,1,604,202,2,2,2,0,-,0.04772103,0.054204947
26062,ORF3a,1,670,224,1,1,1,0,-,0.040184807,0.037433325
26110,ORF3a,1,718,240,3,3,3,2,-,0.035085031,0.016661093
26111,ORF3a,2,719,240,2,2,2,0,-,0.026380104,0.059482759
26144,ORF3a,2,752,251,3,3,2,100,-,0.213188212,0.354947854
26153,ORF3a,2,761,254,1,1,0,1,-,0.092331628,0.137934283
26170,ORF3a,1,778,260,4,4,4,0,-,0.03030303,0.020058594
26180,ORF3a,2,788,263,1,1,1,0,-,0.023147462,0.005992657
26198,ORF3a,2,806,269,5,5,5,0,-,0.062706271,0.039743385
26209,ORF3a,1,817,273,2,2,2,0,-,0.050761421,0
26267,E,2,23,8,2,2,2,0,-,0.078988942,0
26289,E,3,45,15,21,20,21,0,-,0.023016354,0.004514849
26334,E,3,90,30,9,0,9,0,-,0.025,0.008058484
26389,E,1,145,49,2,2,1,2,-,0.042050688,0.042659188
26497,none,NA,NA,NA,1,0,1,0,-,0.060280374,0
26499,none,NA,NA,NA,4,0,4,0,-,0.064607465,0.057382857
26589,M,1,67,23,1,1,1,0,-,0.023622047,0.038562352
26613,M,1,91,31,7,7,7,0,-,0.023696682,0.004985209
26681,M,3,159,53,5,0,5,41,-,0.06360671,0.042437983
26690,M,3,168,56,1,0,1,0,-,0.196542653,0
26720,M,3,198,66,4,0,4,1,-,0.04091653,0.045925544
26727,M,1,205,69,2,2,2,1,-,0.03422769,0.027698466
26728,M,2,206,69,4,4,4,0,-,0.030369585,0.024487576
26730,M,1,208,70,2,2,2,0,-,0.025015635,0.006765742
26814,M,1,292,98,3,3,3,0,-,0.072269441,0.065047022
26858,M,3,336,112,2,1,2,0,-,0.40280377,0
27110,M,3,588,196,1,0,1,0,-,0.02380129,0.006417024
27204,ORF6,3,3,1,2,2,2,0,-,0.022275738,0.248599393
27281,ORF6,2,80,27,3,3,2,3,TRUE,0.08089307,0.171426221
27294,ORF6,3,93,31,2,0,2,1,-,0.100816108,0.073850153
27364,ORF6,1,163,55,1,1,1,0,-,0.025910785,0.002723885
27383,ORF6,2,182,61,2,2,2,0,-,0.060702567,0.055984573
27434,ORF7,2,41,14,3,3,3,3,-,0.055555556,0.060450504
27467,ORF7,2,74,25,2,2,2,0,-,0.028623404,0.054526666
27527,ORF7,2,134,45,3,3,3,0,-,0.033018868,0.032400725
27533,ORF7,2,140,47,5,5,5,0,-,0.035499963,0.015509723
27549,ORF7,3,156,52,5,0,4,2,-,0.063082777,0.050590062
27551,ORF7,2,158,53,1,1,1,0,-,0.039473684,0
27556,ORF7,1,163,55,6,6,5,1,-,0.044615385,0.038570547
27577,ORF7,1,184,62,4,4,4,0,-,0.028957529,0.014527675
27630,ORF7,3,237,79,2,0,2,0,-,0.073707986,0.022873848
27670,ORF7,1,277,93,3,3,3,0,-,0.048329837,0.019961393
27679,ORF7,1,286,96,5,5,5,14,TRUE,0.039423041,0.009927616
27759,ORF7,3,366,122,2,2,2,0,-,0.025657315,0.011046173
27798,ORF7,1,405,135,2,2,2,0,-,0.028644216,0.024779745
27811,ORF7,2,418,139,3,3,3,0,-,0.101851852,0.191978741
27870,ORF7,1,477,159,1,1,1,0,-,0.045719844,0
27914,ORF8,3,21,7,1,0,1,0,-,0.075074867,0.091094617
27937,ORF8,2,44,15,2,2,2,0,-,0.052920997,0.062676525
27990,ORF8,1,97,33,1,1,1,0,-,0.021027847,0.000982281
28000,ORF8,2,107,36,2,2,2,0,-,0.03044456,0.028215602
28001,ORF8,3,108,36,5,0,4,2,TRUE,0.033730159,0.067740091
28073,ORF8,3,180,60,3,2,3,0,-,0.07712766,0.076757044
28077,ORF8,1,184,62,3,3,3,13,TRUE,0.029926595,0.037901439
28079,ORF8,3,186,62,5,0,4,3,-,0.109161406,0.156029763
28093,ORF8,2,200,67,4,4,4,0,-,0.032786885,0.015147447
28122,ORF8,1,229,77,4,4,4,1,-,0.072891449,0.10952228
28253,ORF8,3,360,120,19,1,19,3,TRUE,0.058340181,0.044634976
28320,N,2,47,16,4,4,4,0,-,0.033232628,0.021578672
28321,N,3,48,16,2,0,2,1,-,0.082082494,0
28371,N,2,98,33,2,2,1,1,-,0.050187966,0.027136495
28411,N,3,138,46,2,0,2,0,-,0.152173168,0.233290954
28414,N,3,141,47,1,0,0,1,-,0.213339964,0
28453,N,3,180,60,3,0,3,0,-,0.070584046,0.077491384
28495,N,3,222,74,1,0,1,0,-,0.154990889,0
28509,N,2,236,79,2,2,2,0,-,0.03,0.100890138
28539,N,2,266,89,3,3,3,0,-,0.064468292,0.214091684
28560,N,2,287,96,1,1,1,0,-,0.028708134,0
28580,N,1,307,103,8,8,6,50,-,0.043324332,0.036794956
28586,N,1,313,105,3,3,3,0,-,0.023184881,0.006431615
28655,N,1,382,128,3,3,3,1,-,0.044916091,0
28674,N,2,401,134,4,4,4,0,-,0.05280823,0.044311929
28706,N,1,433,145,2,2,2,0,-,0.074127994,0.05928385
28708,N,3,435,145,4,0,4,0,-,0.059885556,0.035886404
28739,N,1,466,156,5,5,5,1,-,0.097076,0.053980011
28748,N,1,475,159,2,0,2,0,-,0.0760582,0.054614369
28781,N,1,508,170,1,1,1,0,-,0.045984672,0
28812,N,2,539,180,4,4,4,0,-,0.051624765,0.046706362
28817,N,1,544,182,3,3,3,0,-,0.059987064,0.029065038
28851,N,2,578,193,1,1,1,1,-,0.040156895,0.025267918
28867,N,3,594,198,2,0,2,0,-,0.084869308,0
28870,N,3,597,199,1,0,0,1,-,0.044477073,0
28877,N,1,604,202,5,5,5,1,-,0.086080056,0.073233715
28878,N,2,605,202,5,5,5,1,-,0.085700346,0.073620332
28881,N,2,608,203,4,4,1,347,TRUE,0.025069638,0.003096808
28882,N,3,609,203,5,1,2,347,-,0.053006604,0.325319577
28883,N,1,610,204,6,6,3,347,-,0.053006604,0.331521922
28893,N,2,620,207,1,1,1,0,-,0.038398798,0.026134146
28895,N,1,622,208,3,3,3,2,-,0.030236794,0.007035727
28931,N,1,658,220,1,1,1,0,-,0.023913982,0.003653455
28936,N,3,663,221,9,6,9,0,-,0.030997877,0.010495294
29044,N,3,771,257,2,0,2,0,-,0.093611649,0.124396073
29077,N,3,804,268,2,0,2,0,-,0.03191143,0.044285979
29095,N,3,822,274,3,0,3,3,-,0.033138558,0.014356913
29119,N,3,846,282,2,0,2,0,-,0.166440106,0.112600491
29140,N,3,867,289,5,5,5,0,-,0.032263805,0.053434149
29204,N,1,931,311,2,2,2,0,-,0.076628352,0.056029774
29251,N,3,978,326,1,0,1,0,-,0.071609617,0
29266,N,3,993,331,2,2,2,0,-,0.075122482,0
29296,N,3,1023,341,2,0,2,0,-,0.042124542,0.036380044
29303,N,1,1030,344,1,1,1,0,-,0.096530955,0
29320,N,3,1047,349,136,4,135,2,-,0.048199519,0.028204542
29375,N,1,1102,368,2,2,2,0,-,0.030197953,0.020823479
29386,N,3,1113,371,2,1,2,0,-,0.046511628,0
29409,N,2,1136,379,4,4,4,1,-,0.047302682,0.020011201
29414,N,1,1141,381,3,3,3,0,-,0.025568182,0.085076833
29424,N,2,1151,384,3,3,3,0,-,0.10152373,0.129470877
29440,N,3,1167,389,2,1,2,2,-,0.064437978,0.084978739
29466,N,2,1193,398,4,4,4,0,-,0.032154341,0.01692577
29538,none,NA,NA,NA,14,0,14,0,-,0.03554386,0.023013962
29543,none,NA,NA,NA,2,0,2,1,-,0.025907564,0.027732405
29555,none,NA,NA,NA,5,0,5,0,-,0.038034865,0.063923214
29614,ORF10,3,57,19,6,1,6,0,-,0.029030911,0.037025914
29625,ORF10,2,68,23,4,4,3,4,TRUE,0.081609456,0.076099828
29659,ORF10,3,102,34,1,1,1,0,-,0.102345322,0
29690,3'UTR,NA,16,6,3,0,3,2,-,0.049818619,0.051666759
29736,3'UTR,NA,62,21,5,0,4,7,-,0.031853282,0.011777182
29742,3'UTR,NA,68,23,1,0,1,0,-,0.04014915,0
29747,3'UTR,NA,73,25,10,0,10,0,-,0.043427087,0.026044135
29751,3'UTR,NA,77,26,2,0,2,0,-,0.318704432,0.00998244
29755,3'UTR,NA,81,27,3,0,3,2,-,0.057787139,0.04867693
29777,3'UTR,NA,103,35,2,0,2,1,-,0.024854071,0.028033605
29825,3'UTR,NA,151,51,1,0,1,0,-,0.027039857,0.008966933
29836,3'UTR,NA,162,54,3,0,1,9,-,0.060606061,0.078361982
29857,3'UTR,NA,183,61,4,0,4,0,-,0.025974026,0.037154026
29860,3'UTR,NA,186,62,2,0,2,0,-,0.024038462,0.002704824
29861,3'UTR,NA,187,63,3,0,3,0,-,0.026282278,0.007243626
29862,3'UTR,NA,188,63,18,0,18,0,-,0.033712232,0.033882784
29864,3'UTR,NA,190,64,17,0,17,0,-,0.025423729,0.011369854